USER_ID,kNN_preProcess3_1802,kNN_preProcess3_1430,kNN_preProcess3_8415,kNN_preProcess3_1336
1,0,0,0,0
4,0,0,0,0
5,1,1,1,1
8,0,0,0,0
9,0,0,0,0
10,1,1,1,1
11,0,0,0,0
12,1,1,1,1
13,1,0,0,0
15,0,0,1,1
16,0,1,1,0
17,1,1,1,1
18,1,1,1,1
19,0,0,0,0
20,0,0,0,0
21,1,1,1,1
22,0,0,0,0
23,0,0,0,0
24,0,0,0,0
25,0,0,0,0
26,0,0,0,0
27,0,0,0,0
30,1,1,1,1
31,1,1,1,1
32,0,0,0,0
33,0,0,0,0
34,0,0,0,0
35,1,1,1,1
36,1,1,1,1
38,0,0,0,0
39,0,0,0,0
40,0,0,0,0
41,1,1,1,1
42,1,1,1,1
43,0,0,0,0
45,1,1,1,1
46,0,0,0,0
47,1,1,1,1
48,1,1,1,1
49,0,0,0,0
50,1,1,1,1
51,1,1,1,1
52,0,0,0,0
53,0,0,0,0
54,1,0,1,0
55,0,0,0,0
57,1,1,1,1
58,0,0,0,0
59,1,1,1,1
60,1,1,1,1
61,0,0,0,0
63,0,0,0,0
64,1,1,1,1
65,0,1,0,0
66,1,1,1,1
67,1,1,1,1
69,1,1,1,1
70,1,1,1,1
71,0,0,0,0
73,0,0,0,0
75,0,0,0,0
76,1,1,1,1
77,1,0,1,1
78,1,1,1,1
79,0,1,0,0
82,1,1,1,1
83,0,1,0,0
84,1,1,1,1
85,0,0,0,0
86,1,1,1,1
88,1,1,1,1
89,0,0,0,0
90,1,1,1,1
91,1,1,1,1
93,0,0,0,0
94,0,0,0,0
95,1,1,0,1
97,0,0,0,0
98,0,0,1,0
99,0,0,0,0
101,1,1,1,1
102,0,0,0,0
103,1,1,1,1
106,0,1,0,0
107,0,0,0,0
109,1,1,1,1
110,0,0,0,0
111,0,0,0,0
112,0,0,0,0
113,0,0,0,0
114,0,0,0,0
115,1,1,0,1
116,1,1,1,1
117,0,0,0,1
118,1,1,1,1
119,0,0,0,0
120,1,0,0,0
121,1,1,1,1
122,0,0,0,0
123,0,0,0,0
126,0,0,0,0
131,0,0,0,0
132,1,1,1,1
133,0,0,0,0
134,0,0,0,0
135,1,1,1,1
136,1,1,1,1
137,1,1,1,1
138,0,0,0,0
140,0,0,0,0
141,1,0,1,1
142,1,1,1,1
143,1,0,0,1
144,0,1,0,1
145,1,1,1,1
146,1,0,1,1
147,1,1,1,1
148,0,0,0,0
150,1,1,1,1
152,0,0,0,0
153,1,1,1,1
155,0,0,0,0
156,1,1,1,1
157,0,0,0,0
160,0,0,0,0
161,1,1,1,1
162,1,0,0,0
163,0,0,0,0
164,0,0,0,0
165,0,0,0,0
166,0,1,1,1
167,0,0,0,0
169,0,0,0,0
170,1,1,0,1
171,0,0,0,0
172,0,0,0,0
173,1,1,1,1
174,0,0,0,0
175,1,1,1,1
176,1,1,1,1
178,1,1,1,1
179,0,0,0,0
180,0,0,0,0
181,0,0,0,0
182,0,0,1,0
183,0,0,0,0
184,0,0,0,0
186,0,0,0,0
187,0,0,0,0
188,0,0,0,0
189,1,1,1,1
190,0,0,0,0
191,0,0,0,0
193,1,0,1,0
194,0,0,0,0
196,0,0,0,0
197,0,0,0,0
199,1,1,1,1
200,1,1,1,1
201,1,1,1,1
202,1,1,1,1
203,1,1,1,1
204,0,0,0,0
205,1,1,1,1
206,0,0,0,0
207,1,1,1,1
210,0,0,0,0
211,0,0,0,0
212,0,0,0,0
214,1,1,1,1
215,1,1,1,1
216,1,1,1,1
217,1,1,1,1
218,1,1,1,1
219,0,0,0,0
220,0,0,0,0
221,0,0,0,0
222,0,0,0,0
223,0,0,0,0
224,0,0,0,1
226,0,1,0,0
227,0,0,0,0
228,1,1,1,1
230,1,1,1,1
232,0,0,0,0
233,0,0,0,0
234,0,1,0,1
235,1,1,1,1
237,0,0,0,0
241,1,1,1,1
242,0,0,0,0
243,1,1,1,1
245,1,1,1,1
246,0,0,0,0
247,1,1,1,1
248,1,1,1,1
249,0,0,0,0
250,0,0,0,0
251,1,1,1,1
252,0,0,0,0
253,0,0,0,0
254,0,0,1,0
255,0,0,0,0
256,1,0,1,1
257,1,1,1,1
258,0,0,0,0
261,0,0,0,0
262,0,0,0,0
263,1,1,1,1
265,1,1,1,1
266,1,1,1,1
269,0,0,0,1
270,1,1,1,1
273,1,1,0,1
275,0,0,0,0
276,0,0,0,0
277,0,0,0,0
278,0,0,0,0
279,0,0,0,0
280,1,1,1,1
281,0,0,0,0
282,0,0,0,0
283,0,0,0,0
284,1,1,1,1
287,0,0,0,0
288,1,1,1,1
289,1,1,1,1
290,0,0,0,0
291,0,0,0,0
292,1,1,1,1
293,0,0,0,0
294,0,0,0,0
295,1,1,1,1
297,1,1,1,1
298,1,1,1,0
299,1,1,1,1
300,1,1,1,1
301,1,1,1,1
302,1,1,1,1
303,1,1,1,1
304,0,0,0,0
305,1,1,1,1
306,0,0,0,0
307,1,1,1,1
309,0,1,1,0
311,1,1,1,1
312,1,0,1,1
313,0,0,0,0
314,0,0,0,0
315,1,1,1,1
316,1,1,1,1
317,0,0,0,0
319,0,0,0,0
320,0,0,0,0
321,0,0,0,0
322,0,0,0,0
323,1,1,1,1
324,1,0,1,0
325,0,1,1,1
326,0,0,0,0
327,1,1,1,1
328,0,1,1,1
329,0,0,0,0
330,0,0,0,0
331,0,0,0,0
332,1,1,1,1
334,1,1,0,1
335,0,1,0,0
336,0,0,0,0
337,1,1,1,1
338,1,0,0,0
339,0,0,0,0
341,1,1,1,1
347,0,0,0,0
348,1,1,1,1
349,0,0,0,0
350,0,0,0,0
351,0,0,0,0
353,0,0,0,0
355,0,0,0,0
356,0,0,0,0
358,1,1,1,1
359,1,1,1,1
360,1,0,0,0
361,1,1,1,1
362,1,0,0,0
363,0,0,0,0
364,1,1,1,1
365,1,1,1,1
367,0,0,0,0
368,0,1,1,1
370,0,0,0,0
371,0,1,1,1
372,1,1,1,1
373,1,1,1,1
374,0,0,1,1
375,0,0,0,0
376,0,0,0,0
377,1,1,1,1
378,1,1,1,1
379,1,1,1,1
381,0,0,0,0
382,0,0,1,1
383,1,0,0,0
384,0,0,0,0
385,0,0,0,0
386,0,0,0,0
387,1,1,1,1
388,0,0,0,0
390,0,0,0,0
392,1,1,1,1
393,1,1,1,1
395,0,0,0,0
397,0,0,0,0
398,0,0,0,0
399,1,1,1,1
400,1,1,1,1
401,0,0,0,0
402,1,1,1,1
403,0,0,0,0
405,0,0,0,0
406,1,1,1,1
408,1,1,1,1
409,1,0,0,0
410,1,1,1,1
411,0,0,0,0
412,0,1,1,0
413,1,1,1,1
414,0,0,0,0
415,0,0,0,0
416,1,1,1,1
417,0,1,0,0
418,0,0,0,0
419,0,0,0,0
420,1,1,0,1
421,1,1,1,1
423,1,1,1,1
424,1,1,1,1
425,1,1,1,1
427,1,1,1,1
430,0,0,0,0
431,0,0,0,0
432,0,0,0,0
433,1,1,1,1
434,1,1,1,1
435,1,1,0,1
436,1,0,1,0
437,1,1,1,1
439,0,0,1,0
440,1,1,1,1
441,0,0,0,0
442,0,0,0,0
443,0,0,0,0
444,0,0,0,0
445,1,1,1,0
446,1,1,0,0
447,1,1,1,1
448,1,1,1,1
449,1,0,1,1
450,1,1,1,1
451,0,0,0,0
453,1,1,1,1
454,0,0,0,0
455,0,0,0,0
456,1,1,1,1
457,1,1,1,1
458,1,1,1,1
459,0,0,0,0
460,1,1,1,1
461,0,1,1,1
463,1,0,1,1
464,1,1,0,1
465,1,1,1,1
466,0,0,0,0
467,1,1,1,1
468,0,0,0,0
470,0,1,0,1
471,0,0,0,0
472,1,1,1,1
473,1,1,1,1
474,0,0,0,0
475,1,1,1,1
476,0,1,0,0
477,1,1,1,1
478,1,1,1,1
479,1,0,1,1
481,0,0,0,0
482,1,0,0,1
483,0,0,0,0
484,1,1,0,1
485,1,1,1,1
486,1,0,1,1
487,1,1,1,1
490,1,1,1,1
491,1,1,1,1
493,0,0,0,0
494,0,0,0,0
495,0,1,1,1
496,0,0,0,0
497,0,0,0,0
499,1,1,1,1
500,0,0,0,0
501,0,0,0,0
502,0,0,0,0
503,0,0,0,0
504,0,0,0,0
506,1,1,1,1
507,1,1,1,1
509,1,1,1,1
513,0,0,0,0
514,1,0,1,1
515,0,0,0,0
516,0,0,0,0
517,0,0,0,0
520,0,1,1,0
521,0,0,0,0
524,1,1,1,1
525,0,0,0,0
526,0,0,0,0
527,1,1,1,0
529,1,1,1,1
531,0,0,0,0
532,1,1,1,1
533,1,1,1,1
534,0,0,0,0
535,0,0,0,0
536,1,1,1,1
537,1,1,1,1
538,1,1,1,0
539,1,1,1,1
540,1,1,1,1
541,0,0,0,0
542,1,1,1,1
544,0,0,0,0
545,1,1,1,1
546,0,0,0,0
547,0,0,0,0
548,0,0,1,0
550,0,1,0,1
551,1,1,1,1
552,0,0,0,0
554,1,1,1,1
555,1,1,1,1
557,0,0,0,0
559,0,0,0,1
560,0,0,0,0
561,0,0,0,0
564,1,1,1,1
566,0,0,0,1
568,0,0,0,0
569,0,0,0,0
570,0,0,0,0
573,0,0,0,0
574,1,1,1,1
575,1,1,0,1
576,1,1,1,1
577,1,1,1,1
578,1,1,1,1
579,0,0,0,0
580,0,0,0,0
582,1,1,1,1
583,1,1,1,1
585,1,1,1,1
586,0,0,0,0
587,1,1,1,1
588,0,0,0,1
589,0,0,0,0
590,1,0,0,0
591,0,0,0,0
592,0,1,1,1
593,1,1,1,1
594,1,1,1,1
595,0,0,0,0
596,0,0,0,0
597,0,0,0,0
598,1,1,1,1
599,0,0,0,1
601,1,1,1,1
602,0,0,0,0
603,0,1,0,1
604,1,1,1,1
605,1,1,1,1
606,1,1,1,1
607,0,0,0,0
608,0,0,0,0
609,0,0,0,0
610,0,0,0,0
612,1,1,1,1
613,1,1,1,1
614,0,0,0,0
615,0,0,0,0
616,1,0,1,1
618,1,1,1,1
619,0,0,0,0
620,0,0,0,0
621,1,1,1,1
622,1,1,1,1
623,0,0,0,0
624,1,1,1,1
625,1,1,1,1
626,0,0,0,0
627,0,1,0,1
628,0,0,0,0
629,0,0,0,0
630,1,1,1,1
631,1,1,1,1
632,0,0,0,0
633,0,0,0,0
634,0,0,0,0
636,0,0,0,0
637,0,0,0,0
638,1,1,1,1
639,0,0,0,0
640,1,1,1,1
641,0,0,0,0
643,0,0,0,1
644,0,0,0,0
645,1,1,1,1
647,1,1,1,1
649,0,0,0,0
650,0,0,0,0
652,0,0,0,0
653,1,1,1,1
654,0,0,0,0
655,0,0,0,0
656,1,1,1,1
657,0,1,0,0
658,0,0,0,1
660,1,1,1,0
662,1,1,1,1
663,0,0,0,0
664,1,0,1,1
665,1,1,1,1
666,1,0,0,0
667,1,1,1,1
668,0,0,0,0
669,1,1,1,1
670,1,1,1,1
671,0,0,0,0
672,1,1,1,1
673,0,0,0,0
674,0,0,0,0
675,1,1,1,1
676,1,1,1,1
677,0,0,0,0
678,0,0,0,0
679,0,0,0,0
680,0,0,0,0
681,1,1,1,1
682,0,0,0,0
684,1,1,1,1
686,0,0,0,0
687,0,0,0,0
688,1,1,1,1
689,1,1,1,0
690,0,1,0,0
691,0,0,0,0
692,0,0,0,0
693,1,1,1,1
695,1,1,0,0
696,1,1,1,1
697,1,1,1,1
698,0,0,0,0
700,0,0,0,0
703,1,1,1,1
705,1,1,1,1
706,1,1,1,1
707,1,1,0,1
708,0,0,0,0
709,1,1,1,1
710,1,1,1,1
711,1,1,1,1
712,0,0,0,0
714,0,1,1,0
715,1,1,1,1
716,0,0,0,0
717,0,0,0,0
718,1,1,1,1
719,0,0,0,0
721,1,1,1,1
722,1,1,1,1
723,1,1,1,1
724,0,0,0,0
728,0,0,0,0
729,0,0,0,0
730,0,0,0,0
731,0,0,0,0
735,1,1,1,1
736,1,1,1,1
737,0,0,0,0
738,0,0,0,0
739,0,0,0,0
740,0,0,0,0
742,1,1,1,1
743,0,0,0,0
744,0,1,0,0
745,0,0,1,1
746,1,1,1,1
748,0,0,0,0
749,1,0,1,0
751,0,0,0,1
754,0,0,0,0
755,0,0,0,0
756,0,0,0,0
757,1,1,1,1
758,0,0,0,0
759,1,1,1,1
761,1,1,1,1
762,0,1,1,1
763,0,1,0,0
764,0,0,0,0
765,0,0,1,1
766,1,0,0,0
767,1,1,1,1
768,0,0,0,0
769,0,0,0,1
770,0,0,0,0
771,0,0,0,0
772,1,1,1,1
773,1,1,0,1
775,0,0,0,0
776,0,0,0,0
777,1,1,0,1
778,0,0,0,0
779,0,0,0,0
780,1,0,1,1
781,1,1,1,1
783,0,0,0,0
784,0,0,0,0
785,0,0,0,0
786,0,0,0,0
787,1,1,1,1
788,1,0,1,1
789,1,1,0,1
790,1,0,0,0
791,0,0,0,0
792,1,1,1,1
793,1,1,1,1
794,0,0,0,0
795,1,1,1,1
796,0,0,0,0
797,0,0,0,0
798,0,0,0,0
799,0,0,0,0
800,0,0,0,0
801,0,0,0,0
802,1,1,1,1
804,0,0,0,0
805,1,1,1,1
806,0,0,0,0
808,1,1,1,1
809,1,1,1,1
810,1,1,1,0
811,1,1,1,1
812,1,1,1,1
814,0,0,0,0
815,0,1,1,0
816,1,1,1,1
817,1,1,1,1
818,1,1,1,1
819,1,1,1,0
820,1,1,1,1
821,0,0,0,0
822,0,0,0,0
823,0,0,0,0
824,1,1,1,1
825,1,1,0,1
826,0,0,0,0
827,0,0,0,0
828,0,0,0,0
829,0,1,0,1
830,0,1,1,1
831,1,1,1,1
832,0,0,0,0
833,0,0,0,0
834,0,0,0,0
835,1,0,0,0
836,0,0,0,0
837,0,0,0,0
840,0,1,1,0
841,1,1,1,1
842,0,1,1,1
843,0,0,0,0
845,0,0,0,0
848,1,0,0,1
849,0,0,0,0
850,1,1,1,1
851,0,1,1,0
852,1,1,1,1
853,1,1,1,1
854,0,0,0,0
855,0,0,0,0
856,1,1,0,1
857,0,1,1,1
858,0,0,0,0
859,1,1,1,1
860,1,1,1,1
861,0,0,0,0
862,0,0,0,0
865,0,0,0,0
867,0,0,0,0
868,0,0,0,0
869,0,0,0,0
871,1,0,1,0
872,0,0,0,0
874,1,1,1,1
875,0,0,0,0
876,0,0,0,0
877,0,0,0,0
879,1,1,1,1
880,0,0,0,0
881,1,1,1,1
882,0,0,0,0
884,1,1,1,1
887,1,1,1,1
888,1,1,1,1
889,1,1,1,1
890,0,0,0,0
891,1,1,1,1
892,1,1,1,1
893,0,0,0,0
894,0,0,0,0
895,0,0,0,0
896,0,1,1,0
898,1,1,1,1
899,0,0,0,0
900,1,1,1,1
901,0,0,0,0
903,1,1,1,1
904,0,1,0,0
905,0,0,0,0
906,1,1,1,1
908,1,1,1,1
909,0,0,0,0
910,0,0,0,0
911,0,0,0,0
913,1,0,0,0
915,0,0,0,0
916,0,0,0,0
917,0,1,1,1
919,0,0,0,0
920,0,0,0,0
921,1,1,1,1
922,0,0,0,0
923,1,1,0,1
925,0,0,0,0
926,0,0,0,0
927,0,0,0,0
928,0,0,0,0
929,0,0,1,1
930,0,0,0,0
931,0,0,0,0
933,1,1,1,0
934,1,1,1,1
935,1,1,1,1
936,0,0,0,0
937,0,0,0,0
938,0,0,0,0
939,0,0,0,0
940,0,0,0,0
941,1,1,1,1
942,0,0,0,0
943,1,1,1,1
944,0,0,0,0
945,1,1,1,1
946,0,0,0,0
949,0,0,0,1
950,0,0,0,0
952,0,0,0,0
953,1,1,1,1
954,0,0,0,0
955,1,1,1,1
956,0,0,1,0
957,0,0,0,0
959,1,1,0,1
960,0,0,0,0
961,1,1,1,1
962,0,0,0,0
964,0,0,0,0
966,1,0,1,0
967,1,1,1,1
968,0,0,0,0
970,0,0,0,0
971,0,0,0,0
972,0,0,0,0
974,0,0,0,0
976,1,1,1,1
977,1,1,1,1
978,1,1,1,1
979,0,0,0,0
980,0,0,0,0
981,1,0,1,0
982,0,0,0,0
984,0,0,0,0
985,0,0,0,0
986,1,1,1,1
987,1,1,1,1
988,1,1,1,1
989,1,1,1,1
990,0,0,0,0
991,0,0,0,0
992,0,0,0,0
993,1,1,1,1
994,1,1,1,1
995,1,1,0,1
996,1,1,1,1
997,0,0,0,0
998,1,1,1,1
999,0,0,0,0
1000,1,1,1,1
1001,0,0,0,0
1003,0,0,0,0
1004,0,0,0,0
1005,0,0,0,1
1006,0,0,0,0
1007,0,0,0,0
1008,1,1,1,0
1009,1,0,1,0
1010,0,0,0,0
1011,1,1,1,1
1012,0,0,0,0
1013,0,0,0,0
1014,1,1,1,1
1016,1,1,1,1
1017,0,0,0,0
1018,1,1,1,1
1021,0,0,0,0
1022,1,1,1,1
1023,1,1,1,1
1024,0,0,0,0
1025,1,1,1,1
1026,1,0,1,1
1027,0,0,0,0
1028,0,0,0,0
1031,1,1,1,1
1033,1,0,0,0
1034,0,0,0,0
1035,0,0,0,0
1036,0,0,0,0
1038,1,1,1,1
1039,0,0,1,1
1040,0,0,0,0
1041,0,0,0,0
1042,1,1,1,1
1043,0,0,0,0
1044,1,1,1,1
1045,1,1,1,1
1046,0,0,0,0
1047,1,1,1,1
1049,0,0,0,0
1051,0,0,0,0
1052,0,0,0,1
1054,1,1,1,1
1055,1,1,1,1
1058,1,1,1,1
1059,0,0,0,0
1060,0,1,1,0
1061,1,1,1,1
1063,1,1,1,1
1064,1,1,1,1
1065,1,1,1,1
1066,0,0,0,0
1068,1,0,1,1
1069,0,0,0,1
1070,0,0,0,0
1072,0,0,0,0
1074,0,1,0,0
1075,0,0,0,0
1077,1,0,1,1
1078,1,1,1,1
1080,0,0,1,0
1082,0,0,0,0
1086,1,1,1,1
1088,0,0,0,0
1089,1,1,1,1
1090,0,0,0,0
1091,1,0,0,0
1093,0,0,0,0
1094,1,1,1,1
1095,1,1,1,1
1096,0,0,0,0
1097,1,1,1,1
1098,0,0,0,0
1099,0,0,0,0
1100,0,1,1,1
1101,0,0,1,1
1102,0,0,0,0
1103,1,1,1,1
1104,0,0,0,0
1105,0,0,0,0
1106,1,1,1,1
1107,1,1,1,1
1108,1,1,1,1
1109,1,1,1,1
1110,0,0,0,0
1111,0,0,0,0
1112,1,1,1,1
1113,0,0,0,0
1115,1,1,1,1
1116,1,1,1,1
1118,0,0,0,0
1119,1,1,1,1
1120,0,0,0,0
1121,1,1,1,1
1122,1,1,1,1
1123,0,0,0,0
1125,1,1,1,1
1126,1,0,0,0
1127,1,1,1,1
1128,0,0,0,0
1130,0,1,0,1
1131,1,1,1,1
1132,0,0,0,1
1134,0,0,0,0
1135,0,0,0,0
1136,0,0,0,0
1137,1,1,1,1
1138,1,1,1,1
1139,1,1,0,1
1140,1,1,1,0
1141,1,1,1,0
1142,0,0,0,0
1143,1,1,1,1
1144,1,0,0,0
1145,1,1,1,1
1146,1,1,1,1
1147,0,0,0,0
1149,0,0,0,0
1150,0,0,0,0
1152,1,1,1,1
1153,1,1,0,0
1155,0,0,0,0
1156,1,1,1,1
1159,0,0,0,0
1160,0,1,1,1
1161,1,1,1,1
1163,1,0,1,0
1164,0,0,0,0
1165,0,0,0,0
1168,0,0,0,0
1169,1,1,1,1
1170,1,1,1,1
1172,1,1,1,1
1173,1,0,1,1
1174,1,1,1,1
1175,0,0,0,0
1176,0,0,0,0
1178,1,1,1,1
1180,1,1,1,0
1181,0,0,0,0
1182,1,1,1,1
1183,1,1,1,1
1184,0,0,0,0
1185,1,1,1,1
1186,0,0,0,0
1187,1,1,1,1
1188,1,1,1,1
1189,1,1,1,1
1190,0,0,0,0
1192,1,1,1,1
1193,1,1,1,1
1194,1,1,0,1
1195,1,1,1,1
1196,0,1,0,0
1197,0,0,0,0
1198,1,1,1,1
1201,1,1,1,1
1202,0,0,0,0
1203,0,0,0,0
1204,0,0,0,0
1205,1,1,1,1
1207,1,1,1,1
1210,0,0,0,0
1211,0,0,0,0
1212,1,1,1,1
1213,0,0,0,0
1214,1,1,1,1
1216,1,1,1,1
1217,0,0,0,0
1220,0,0,0,0
1223,1,1,1,1
1224,1,1,1,1
1225,1,1,1,1
1226,0,0,0,0
1227,1,1,1,1
1228,1,1,1,1
1229,0,0,0,0
1230,1,1,1,1
1231,1,1,1,1
1232,0,1,0,1
1233,0,0,0,0
1235,1,1,1,1
1236,0,0,0,0
1237,0,0,1,1
1238,1,1,1,1
1239,0,0,0,0
1240,0,0,0,0
1241,0,1,0,0
1242,1,1,1,1
1243,0,0,0,0
1244,0,0,0,0
1245,0,0,0,0
1247,0,0,0,0
1248,0,0,0,0
1249,1,1,1,1
1250,0,0,1,1
1251,1,1,1,1
1252,1,1,1,1
1253,1,1,1,1
1254,1,1,1,1
1255,1,1,1,1
1257,1,1,1,1
1258,0,0,0,0
1260,0,0,0,0
1261,1,1,1,1
1263,1,1,1,1
1264,0,0,0,0
1265,1,1,1,1
1267,1,1,0,0
1268,1,1,1,1
1269,1,1,1,1
1270,0,1,1,0
1271,1,1,1,1
1272,1,1,1,1
1273,0,0,0,0
1274,0,0,0,0
1275,0,0,0,0
1276,1,1,1,1
1277,0,0,0,0
1278,0,0,0,0
1279,0,0,0,0
1280,1,1,1,1
1281,1,1,1,1
1282,1,1,1,1
1283,0,0,0,0
1285,0,0,1,0
1286,1,1,1,1
1287,0,0,0,0
1289,0,0,0,0
1290,1,1,1,1
1291,1,1,1,1
1292,0,0,1,1
1293,1,1,1,1
1294,1,1,1,1
1295,0,1,0,0
1296,1,1,1,1
1297,1,1,1,1
1299,0,0,0,0
1300,0,0,0,0
1302,0,0,0,0
1303,0,0,0,0
1304,1,1,1,1
1305,0,0,0,0
1306,1,1,1,1
1307,0,0,0,0
1308,1,1,0,0
1309,1,1,1,1
1310,1,1,1,1
1311,1,1,1,1
1313,0,0,0,0
1314,1,1,1,1
1317,0,0,0,0
1318,1,1,1,1
1319,0,0,0,0
1320,0,0,0,0
1321,1,1,1,1
1323,1,1,1,1
1324,1,1,1,1
1325,1,1,1,1
1326,1,1,1,1
1327,0,0,0,0
1329,0,0,0,1
1330,0,0,0,0
1331,1,1,0,0
1332,1,0,1,0
1333,1,1,1,1
1335,1,1,1,1
1336,0,0,0,0
1337,0,0,0,0
1338,0,0,0,0
1339,1,1,1,1
1340,0,0,1,0
1341,1,0,1,1
1343,0,0,0,0
1345,0,0,0,0
1346,1,1,1,1
1347,0,0,0,0
1348,0,1,0,0
1349,1,1,1,1
1350,1,1,1,1
1351,0,0,0,0
1352,0,0,0,0
1353,0,0,0,0
1354,0,0,0,0
1355,0,0,0,0
1356,0,0,0,0
1357,1,1,1,1
1358,1,1,1,1
1359,0,0,0,0
1360,1,1,1,1
1361,0,0,0,0
1363,1,1,1,1
1365,0,0,0,0
1366,0,0,0,0
1368,0,0,0,0
1369,0,0,0,0
1370,0,0,0,0
1372,1,1,1,1
1373,0,0,0,0
1375,0,1,0,1
1376,0,0,0,0
1377,0,0,0,0
1378,0,0,1,0
1379,0,0,0,0
1380,0,0,0,0
1382,1,1,1,1
1384,1,1,1,1
1385,0,0,0,0
1386,1,1,1,1
1387,1,1,1,1
1388,1,1,1,1
1389,1,1,1,1
1390,0,1,1,1
1391,1,1,1,1
1392,0,0,0,0
1393,1,1,1,1
1394,1,1,1,1
1395,0,0,0,0
1396,0,0,0,0
1397,0,0,0,0
1398,1,1,1,1
1399,0,1,0,0
1400,1,1,1,1
1401,0,0,0,0
1403,1,1,1,1
1404,1,0,0,0
1405,0,0,0,0
1406,0,0,0,0
1407,0,0,0,0
1408,0,0,0,0
1410,0,0,0,0
1411,0,0,0,0
1412,0,1,0,0
1413,0,0,0,0
1414,1,0,1,0
1415,1,1,1,1
1417,1,1,1,1
1418,0,1,1,1
1419,1,1,1,1
1420,1,1,1,1
1422,1,1,1,1
1423,0,0,0,0
1424,0,0,0,0
1425,1,1,1,1
1426,1,1,1,1
1428,1,1,1,1
1430,0,0,1,0
1432,0,1,1,0
1433,1,1,1,1
1434,0,0,0,0
1435,0,0,0,0
1436,0,1,0,0
1437,0,0,0,0
1438,1,1,1,1
1439,1,1,1,1
1441,0,0,0,0
1443,0,1,0,1
1444,1,1,1,1
1445,1,1,1,1
1447,0,0,0,0
1448,0,0,0,0
1449,0,0,0,0
1450,0,0,0,0
1453,1,1,1,1
1454,1,1,1,1
1455,1,1,1,1
1456,1,1,0,1
1457,0,0,0,0
1458,0,0,0,0
1459,0,0,0,0
1460,0,0,0,0
1461,0,0,0,0
1462,0,0,0,0
1463,1,1,1,1
1465,0,0,0,0
1466,0,1,0,0
1467,1,1,0,1
1468,0,0,0,0
1469,0,0,0,0
1470,1,1,1,1
1471,0,0,1,1
1475,1,1,1,1
1476,1,1,1,1
1477,0,0,0,0
1478,1,1,1,1
1479,1,0,1,1
1480,1,1,1,1
1481,0,0,0,0
1482,0,0,0,0
1483,1,1,1,1
1485,1,0,0,0
1486,1,1,1,1
1487,0,0,0,0
1488,0,0,0,0
1489,1,1,1,1
1491,0,0,0,0
1492,0,1,0,0
1493,0,0,0,0
1494,1,1,1,1
1495,0,0,0,0
1496,1,1,1,1
1498,0,0,0,0
1500,1,1,1,1
1501,1,1,1,1
1502,0,0,1,0
1504,1,1,1,1
1505,1,1,1,1
1506,1,1,1,1
1507,1,1,1,1
1508,0,0,0,0
1509,0,1,0,1
1510,0,0,0,0
1512,1,1,1,1
1513,0,0,0,0
1514,1,1,1,1
1515,0,0,0,0
1517,0,0,0,0
1518,0,0,0,0
1519,0,0,0,0
1520,1,1,1,1
1524,0,0,0,0
1525,1,0,0,1
1526,1,1,1,1
1527,1,1,0,1
1528,1,1,1,1
1530,0,0,0,0
1531,1,1,1,1
1532,0,0,0,0
1533,0,0,0,0
1534,1,0,0,1
1535,1,1,0,1
1537,0,0,0,0
1538,1,0,0,0
1539,0,0,0,0
1541,0,0,0,0
1542,0,0,0,0
1543,0,0,0,0
1544,0,0,0,0
1546,1,1,1,1
1547,1,1,1,1
1549,0,0,0,0
1550,0,0,0,0
1551,1,1,1,1
1553,1,1,1,1
1554,1,1,1,1
1555,1,1,1,1
1556,0,0,0,0
1560,1,1,1,1
1561,1,1,1,1
1562,1,1,1,1
1563,1,1,1,1
1564,0,0,0,0
1566,0,0,0,0
1567,0,0,0,0
1568,0,0,0,1
1569,0,0,1,1
1570,0,0,0,0
1571,0,0,0,0
1572,0,0,0,0
1573,0,0,0,0
1574,1,0,1,0
1575,0,0,0,0
1577,0,0,0,0
1578,0,0,1,0
1579,0,0,0,0
1580,0,0,0,0
1582,0,1,1,1
1583,0,0,0,0
1584,0,0,0,0
1585,0,0,0,0
1586,1,0,1,0
1587,0,0,0,0
1588,0,0,0,0
1589,0,0,0,0
1590,0,0,0,0
1591,1,1,1,1
1593,0,1,1,1
1595,1,1,1,1
1596,1,1,1,1
1597,1,1,1,1
1598,1,0,1,1
1599,1,1,1,1
1601,1,1,1,1
1602,0,0,0,0
1603,0,0,0,0
1605,0,0,1,1
1606,0,0,0,0
1607,1,1,1,1
1608,0,0,0,0
1609,1,1,1,1
1610,0,0,0,0
1611,0,0,0,0
1612,0,0,0,0
1614,0,0,1,0
1616,0,0,0,0
1618,0,0,0,0
1621,1,1,1,0
1622,0,0,0,0
1623,0,0,0,0
1625,0,0,0,0
1626,0,0,0,0
1627,0,0,0,0
1628,0,0,0,0
1631,0,0,0,0
1632,1,1,1,1
1633,1,1,1,1
1634,0,0,0,0
1635,0,0,0,0
1636,0,0,0,0
1638,0,0,0,0
1639,1,1,1,1
1640,1,1,1,1
1641,1,1,1,1
1642,0,0,0,0
1644,0,0,0,0
1646,1,1,1,1
1647,0,0,0,0
1648,1,1,1,1
1650,0,0,0,0
1651,0,0,0,0
1652,1,0,0,0
1653,0,0,0,0
1655,0,0,0,0
1656,0,0,0,0
1657,1,0,0,0
1658,0,0,0,0
1659,1,1,1,1
1660,0,0,0,0
1661,1,1,1,1
1662,1,1,1,1
1663,0,0,0,0
1664,1,1,1,1
1665,0,0,0,0
1666,1,1,1,1
1667,1,1,0,0
1669,0,0,0,0
1670,0,0,0,0
1671,0,0,0,0
1672,1,1,1,1
1673,0,0,0,0
1674,1,1,1,1
1675,0,0,0,0
1676,1,0,0,0
1677,1,1,1,1
1678,1,1,1,1
1679,0,0,0,0
1682,0,0,0,0
1685,0,0,0,0
1686,1,1,0,1
1687,1,1,1,1
1690,0,0,0,0
1694,0,0,0,0
1695,0,0,1,0
1697,0,0,0,0
1698,0,0,0,0
1699,1,1,1,1
1700,0,0,0,0
1701,0,0,0,0
1703,0,0,0,0
1704,0,0,0,0
1705,0,0,0,0
1707,1,1,1,1
1709,0,0,0,0
1710,1,1,1,1
1711,1,1,1,1
1712,0,0,0,0
1713,0,0,0,0
1714,0,0,0,0
1715,0,0,0,0
1716,1,1,1,1
1717,0,1,0,1
1718,1,0,0,0
1720,1,1,1,1
1721,1,1,1,1
1722,0,0,0,0
1724,0,0,0,0
1725,1,1,1,1
1726,1,1,1,1
1727,0,0,0,0
1728,0,0,0,0
1729,1,1,1,1
1730,0,0,0,0
1732,1,1,1,1
1733,0,0,1,0
1735,1,1,1,1
1737,0,0,0,0
1738,0,0,0,0
1739,0,0,0,0
1740,0,0,0,0
1741,1,1,1,1
1742,1,1,1,1
1743,0,1,0,0
1744,0,0,0,0
1745,0,0,0,0
1746,0,0,0,0
1747,1,1,1,1
1749,0,0,0,0
1752,1,1,1,1
1753,0,0,0,0
1754,0,0,0,0
1755,0,1,0,0
1756,1,1,1,1
1758,0,0,0,0
1759,0,0,0,0
1760,1,1,1,1
1761,0,0,0,0
1762,1,1,1,1
1764,0,0,0,1
1765,1,1,1,1
1768,0,0,0,0
1769,0,1,0,1
1770,0,0,0,0
1771,0,0,0,0
1772,1,1,1,1
1773,0,0,0,0
1774,0,0,0,0
1775,0,0,0,0
1777,0,0,0,0
1778,0,0,0,0
1779,0,0,0,0
1780,0,0,0,0
1781,0,0,0,0
1783,1,1,1,1
1784,0,0,0,0
1785,0,0,0,0
1786,0,0,0,0
1787,0,0,0,0
1788,0,1,1,1
1789,1,1,1,1
1791,1,1,1,1
1792,0,0,0,0
1793,1,1,1,1
1794,1,1,1,1
1795,0,0,1,0
1796,0,0,0,0
1797,1,1,1,1
1798,0,0,0,0
1799,1,1,0,0
1800,0,0,0,0
1801,0,0,0,0
1802,0,0,0,0
1803,1,1,1,0
1804,1,1,1,1
1805,1,1,1,1
1806,1,1,1,1
1807,1,1,1,1
1808,1,1,1,1
1809,1,1,1,1
1810,0,0,0,0
1811,1,1,1,1
1813,0,0,0,0
1814,1,0,0,0
1815,0,0,0,0
1817,1,1,1,1
1818,0,0,0,0
1820,1,1,1,1
1821,0,0,0,0
1822,0,0,0,0
1823,1,1,1,1
1825,1,1,1,1
1826,0,0,0,0
1827,1,1,1,0
1828,0,0,0,0
1829,0,0,1,0
1830,0,0,0,0
1832,1,1,1,1
1833,0,0,0,0
1834,0,0,0,0
1835,1,1,1,1
1836,1,1,1,1
1837,1,1,1,1
1838,1,1,1,1
1839,1,1,1,1
1840,1,1,1,1
1842,1,1,1,1
1843,1,1,1,1
1844,0,0,0,0
1845,0,0,0,0
1846,1,0,1,1
1847,0,0,0,0
1848,0,0,0,0
1849,0,0,0,0
1850,0,0,0,0
1851,0,0,0,0
1852,1,1,0,1
1853,1,1,1,1
1854,1,1,1,1
1855,1,1,1,1
1856,0,0,0,0
1859,0,0,0,0
1861,0,0,0,0
1862,1,1,1,1
1863,0,0,0,0
1864,1,1,1,1
1865,1,1,0,1
1866,0,0,0,0
1867,1,1,1,1
1868,0,0,0,0
1869,1,1,1,1
1870,0,0,0,0
1871,0,0,0,0
1872,0,0,0,0
1874,1,1,1,1
1875,0,1,1,0
1877,1,1,1,1
1879,0,0,0,0
1880,1,1,0,1
1881,0,0,0,0
1883,0,0,0,0
1885,0,0,0,0
1886,1,0,0,0
1887,1,1,1,1
1888,1,1,1,0
1889,1,1,1,1
1891,0,0,0,0
1892,0,0,0,0
1893,1,1,1,1
1894,0,0,0,0
1895,0,0,0,0
1896,0,0,0,1
1897,0,0,0,0
1898,1,1,1,1
1899,1,1,1,1
1900,1,0,0,1
1901,1,1,1,1
1902,0,0,0,0
1903,1,1,1,1
1904,0,0,1,1
1907,1,0,0,1
1908,1,1,1,1
1909,1,1,1,1
1910,0,0,0,0
1911,1,1,1,1
1912,0,1,0,0
1914,1,1,1,1
1915,1,0,1,0
1916,1,1,1,1
1917,0,0,0,0
1919,1,1,1,1
1920,0,0,0,0
1922,1,1,1,1
1923,0,0,0,0
1924,1,1,1,1
1926,0,0,0,0
1927,1,1,1,0
1928,0,0,0,0
1929,0,0,0,0
1930,1,1,1,1
1931,1,1,1,1
1932,0,0,0,0
1933,0,0,0,0
1934,0,0,0,0
1935,1,1,1,1
1937,0,1,0,1
1938,0,0,0,0
1939,0,0,0,0
1942,0,0,0,0
1943,1,1,1,1
1944,0,1,1,1
1945,1,1,1,1
1946,1,1,1,1
1949,0,0,0,0
1950,0,0,0,0
1951,0,1,0,0
1952,0,1,0,0
1953,0,1,0,0
1954,1,1,1,0
1955,1,1,1,1
1956,1,1,0,1
1957,1,0,0,1
1958,1,1,1,1
1960,1,1,1,1
1961,0,0,0,0
1962,0,0,0,0
1964,0,0,0,0
1965,0,0,0,0
1967,1,0,1,0
1969,1,1,1,1
1970,0,0,0,0
1971,0,0,0,1
1972,1,1,1,1
1973,1,1,1,1
1974,0,0,0,0
1976,0,0,0,0
1977,0,0,0,0
1979,1,1,1,1
1980,0,0,0,0
1981,1,1,1,1
1983,1,1,1,1
1984,1,1,1,1
1985,0,0,0,0
1986,0,0,0,0
1987,1,1,1,1
1988,0,0,0,0
1989,1,0,0,1
1990,0,0,0,0
1991,1,1,1,1
1992,1,1,1,1
1993,0,1,0,1
1994,0,0,0,0
1996,0,0,0,0
1997,0,0,0,0
1998,0,0,0,0
2000,1,1,1,1
2001,0,0,0,0
2003,1,1,1,1
2004,1,1,1,1
2005,0,0,1,1
2006,1,1,1,1
2007,1,1,1,1
2008,1,0,0,1
2009,1,1,1,1
2010,0,0,0,0
2011,0,0,0,0
2012,1,1,1,1
2013,1,1,1,1
2015,1,1,1,0
2016,0,0,0,0
2017,0,0,0,0
2018,0,0,0,0
2019,0,0,0,0
2020,1,1,1,1
2021,0,0,0,0
2022,1,0,0,1
2023,1,1,1,1
2024,0,0,0,1
2025,0,0,0,0
2026,0,0,0,0
2027,0,0,0,0
2029,1,1,1,1
2030,1,1,1,1
2032,1,1,1,1
2033,0,0,0,0
2035,0,0,0,0
2038,0,0,0,0
2039,1,1,1,1
2044,1,1,1,1
2045,0,0,0,0
2046,1,1,1,1
2047,0,0,0,0
2048,0,0,0,0
2049,0,1,1,0
2050,0,0,1,1
2051,0,0,0,0
2052,0,0,0,0
2053,0,0,0,0
2054,0,1,0,0
2055,0,0,0,0
2057,1,1,1,1
2059,1,1,0,1
2060,1,1,1,1
2061,0,0,0,0
2062,1,1,1,1
2063,0,0,0,0
2065,0,0,1,0
2066,1,1,1,1
2067,1,1,1,1
2068,1,1,1,0
2070,0,0,0,0
2071,0,0,0,0
2072,1,1,1,1
2073,0,1,0,1
2074,0,0,0,0
2075,1,1,1,1
2076,1,1,1,1
2077,0,0,0,0
2078,1,1,1,1
2079,1,1,1,1
2081,0,0,0,0
2082,0,0,0,0
2084,0,0,0,0
2085,1,1,1,1
2086,0,0,0,0
2088,0,0,1,0
2089,0,0,0,0
2090,1,1,1,1
2091,0,0,0,0
2092,0,0,0,0
2094,1,1,1,1
2095,1,1,1,1
2096,0,0,1,1
2097,1,1,1,1
2098,0,0,0,0
2099,1,1,1,1
2101,0,1,0,0
2102,0,0,0,0
2103,0,0,0,0
2104,0,0,0,0
2105,1,1,1,1
2106,0,0,0,0
2107,0,1,1,1
2108,0,0,0,0
2110,0,0,0,0
2111,1,1,1,1
2112,0,0,0,0
2114,0,0,1,0
2115,1,1,1,1
2117,1,1,1,1
2118,0,0,0,0
2119,1,1,1,1
2121,0,0,0,0
2122,0,0,0,0
2123,1,1,1,1
2125,0,0,0,0
2126,0,0,0,0
2128,0,0,0,0
2129,1,1,1,1
2130,1,1,0,0
2131,0,1,0,0
2132,0,0,0,0
2134,0,0,0,0
2136,1,1,1,1
2138,0,0,0,0
2139,0,0,0,0
2140,1,1,1,1
2142,1,1,1,1
2143,1,1,1,1
2144,1,1,1,1
2145,1,1,1,1
2146,0,0,0,0
2147,1,1,1,1
2148,0,0,0,1
2150,1,0,1,1
2151,1,1,1,1
2152,1,1,1,1
2153,0,0,0,0
2154,0,0,0,0
2155,0,0,0,0
2156,0,0,0,0
2157,0,0,0,0
2158,0,1,0,1
2159,1,1,1,1
2161,0,0,0,0
2164,0,0,0,0
2167,1,0,1,0
2168,1,1,1,1
2169,0,0,0,0
2170,0,0,0,0
2171,0,0,0,0
2172,0,0,0,0
2173,1,1,1,0
2174,0,0,0,0
2175,1,1,1,1
2176,1,1,1,1
2177,0,0,0,0
2179,0,0,0,0
2181,0,0,0,0
2182,0,1,1,1
2183,0,0,0,0
2184,1,0,0,0
2186,1,1,1,1
2188,1,1,1,1
2189,0,0,0,0
2190,0,0,0,0
2191,1,0,1,1
2192,1,1,1,1
2193,1,0,1,1
2194,0,0,0,0
2195,1,1,1,1
2196,1,0,0,0
2198,1,1,1,1
2199,0,0,0,0
2200,0,1,1,1
2201,0,0,0,0
2202,0,0,0,0
2203,1,1,1,1
2204,0,0,0,0
2205,0,1,1,1
2207,0,0,0,0
2208,1,1,1,1
2209,0,1,0,0
2210,1,1,1,1
2211,1,1,1,0
2212,0,0,0,0
2213,1,1,1,1
2214,0,0,0,0
2215,0,0,0,1
2217,1,1,1,1
2218,0,0,0,0
2219,1,1,1,1
2221,0,0,0,0
2222,1,0,0,0
2223,0,0,0,0
2225,1,1,1,0
2226,0,0,0,0
2227,0,0,0,0
2228,0,0,1,1
2229,0,0,0,0
2230,1,0,1,1
2231,0,0,0,0
2232,1,1,1,1
2233,0,0,0,0
2236,0,0,0,0
2237,1,1,1,1
2238,0,0,0,0
2239,1,1,1,1
2240,0,0,0,0
2242,0,0,0,0
2243,1,1,1,1
2244,1,0,1,1
2245,0,0,0,0
2246,0,0,0,0
2247,0,0,0,0
2249,0,1,1,1
2250,0,1,0,0
2251,1,1,1,1
2252,0,1,1,1
2253,0,0,0,0
2254,0,0,0,0
2255,0,0,0,0
2256,0,0,0,0
2257,1,1,1,1
2258,1,1,1,1
2260,0,1,0,0
2261,1,1,1,1
2263,0,0,0,0
2264,1,1,1,1
2265,0,0,0,0
2266,0,0,0,0
2267,0,0,0,0
2268,0,0,0,0
2269,1,1,1,1
2270,1,1,1,1
2271,1,1,1,1
2272,0,0,0,0
2273,1,0,0,1
2276,0,0,1,1
2277,0,0,0,0
2278,0,0,0,0
2279,0,0,0,0
2280,1,1,1,1
2281,0,0,0,0
2282,1,1,1,1
2283,1,1,1,1
2284,0,0,0,0
2285,0,0,0,1
2286,1,1,1,0
2287,0,0,0,0
2288,0,0,1,0
2289,1,0,1,0
2290,0,0,0,0
2291,0,0,0,0
2292,0,0,0,0
2293,0,0,0,0
2294,0,0,1,0
2295,1,1,1,1
2296,1,1,1,1
2297,0,0,0,0
2299,0,0,0,0
2300,1,1,1,1
2301,1,1,0,0
2302,0,0,0,0
2303,0,0,0,0
2305,0,0,0,0
2306,1,1,1,1
2308,1,1,1,1
2310,0,0,0,0
2311,0,0,0,0
2313,0,0,0,1
2314,1,1,0,1
2315,1,1,1,1
2316,1,1,1,1
2317,1,0,1,0
2318,1,1,1,1
2319,0,0,0,0
2320,1,1,1,1
2321,1,1,1,1
2322,0,0,0,0
2323,0,0,0,0
2325,0,0,0,0
2326,1,1,1,1
2327,1,1,1,1
2328,0,0,0,0
2329,1,1,1,1
2330,1,1,1,0
2331,0,0,0,1
2332,1,0,1,1
2333,0,0,0,0
2334,0,0,0,0
2337,0,0,0,0
2339,0,0,0,0
2340,0,0,0,0
2341,0,0,0,0
2342,0,0,0,0
2343,1,1,1,1
2344,1,0,0,0
2345,1,1,1,1
2346,1,1,1,1
2347,0,0,0,0
2349,0,0,0,0
2351,0,0,0,0
2352,0,0,0,0
2354,0,0,0,0
2355,1,1,1,1
2357,0,0,0,0
2358,1,1,1,1
2359,0,1,1,1
2360,0,0,0,0
2361,0,0,0,0
2363,0,0,0,0
2364,1,1,1,1
2365,0,0,0,1
2366,0,0,0,0
2367,0,0,0,0
2368,0,0,0,0
2369,1,1,1,1
2370,0,1,1,0
2371,1,1,1,1
2372,0,0,0,0
2373,0,0,0,0
2375,1,1,1,1
2376,1,1,1,1
2380,0,0,0,0
2381,1,1,1,1
2382,0,0,0,0
2383,0,0,0,0
2384,0,0,0,0
2385,0,0,0,0
2387,0,0,0,0
2388,1,1,1,0
2389,1,0,0,1
2391,0,0,0,0
2392,0,0,0,0
2393,0,0,0,0
2394,1,1,1,0
2395,1,0,0,1
2396,1,1,1,1
2397,1,1,1,1
2399,0,0,0,0
2400,0,0,0,0
2401,1,1,1,1
2403,0,0,0,0
2404,1,1,0,0
2407,1,1,1,1
2408,0,0,0,0
2411,0,0,0,0
2412,0,0,0,0
2414,1,1,1,1
2415,0,0,0,0
2417,0,0,1,0
2418,1,1,1,1
2420,1,1,1,1
2421,0,0,0,0
2422,1,1,1,1
2423,0,0,0,0
2424,0,0,1,0
2425,1,1,1,1
2426,1,1,0,0
2428,1,1,0,0
2429,1,1,1,1
2431,1,1,1,1
2432,0,0,0,1
2433,0,0,0,0
2436,0,0,0,0
2437,0,0,0,0
2438,1,1,1,1
2439,1,1,1,1
2440,0,0,1,0
2441,1,1,1,1
2442,0,0,0,0
2443,0,0,1,1
2444,0,0,0,0
2445,0,0,0,1
2446,0,0,0,0
2447,0,0,0,0
2448,1,1,1,1
2449,1,1,1,1
2450,0,0,0,0
2451,1,1,1,1
2453,1,1,1,1
2455,1,1,1,1
2457,0,1,0,0
2459,0,0,0,0
2460,1,1,1,1
2461,0,0,0,0
2463,0,0,0,1
2464,1,0,1,0
2465,0,1,0,1
2466,1,1,0,0
2467,0,0,0,0
2468,0,0,0,0
2469,0,0,0,0
2471,1,1,1,1
2474,0,0,0,0
2475,0,0,0,0
2476,1,1,1,1
2477,1,1,1,1
2478,0,0,1,1
2479,1,1,1,1
2480,0,0,0,0
2481,0,0,0,0
2482,1,1,1,1
2483,1,1,1,1
2484,1,1,1,1
2485,0,0,0,0
2486,0,0,0,0
2489,0,0,0,0
2490,0,0,0,0
2491,1,1,1,1
2492,0,0,0,0
2494,0,0,0,0
2495,1,1,1,1
2497,1,1,1,1
2498,0,0,0,0
2503,0,0,0,0
2506,0,1,0,0
2507,1,1,1,1
2508,1,1,1,1
2509,0,0,0,0
2511,0,0,0,0
2512,1,1,1,1
2513,0,0,0,0
2515,1,1,1,1
2516,1,1,1,1
2517,0,0,0,0
2518,0,0,0,0
2520,0,0,0,0
2521,0,0,0,0
2522,0,0,0,0
2523,1,1,1,1
2524,0,0,1,0
2525,0,0,0,0
2526,0,0,0,0
2527,0,0,0,0
2528,1,1,1,1
2529,1,1,1,1
2530,1,1,1,1
2532,0,1,1,1
2533,0,0,0,0
2534,0,0,0,1
2536,1,1,1,1
2538,1,1,1,1
2541,0,0,0,0
2542,1,1,1,1
2543,0,0,0,0
2544,0,0,0,0
2545,1,0,1,1
2546,0,0,0,0
2549,1,1,1,1
2550,0,0,0,0
2553,1,1,1,0
2554,0,0,0,0
2556,1,1,1,1
2557,1,1,1,1
2558,0,0,0,0
2559,1,1,1,1
2560,0,0,0,0
2561,0,0,0,0
2562,1,1,1,1
2563,0,0,0,0
2565,0,0,0,0
2566,1,1,1,1
2567,1,1,1,1
2570,0,0,0,0
2571,1,1,1,1
2573,0,0,1,0
2574,0,0,0,0
2575,0,0,0,0
2576,0,0,0,0
2577,0,0,0,0
2578,1,1,1,1
2579,0,0,0,0
2580,1,1,1,1
2581,1,1,1,1
2582,0,0,0,0
2583,1,1,1,1
2586,1,1,1,1
2587,0,1,1,1
2588,0,0,0,1
2589,0,0,0,0
2590,0,0,0,0
2591,0,1,1,1
2592,1,1,1,1
2593,1,1,1,1
2594,0,0,0,0
2595,0,0,0,0
2597,1,1,1,1
2598,0,0,0,0
2601,0,0,0,0
2603,0,0,1,0
2604,1,1,1,1
2605,0,0,0,0
2606,0,0,0,0
2608,0,0,0,1
2609,0,0,0,0
2610,1,1,1,1
2611,0,0,0,0
2612,0,0,0,1
2613,0,0,0,0
2614,0,0,0,0
2615,1,1,1,1
2618,1,1,1,1
2619,1,1,1,1
2620,0,0,0,1
2621,0,1,0,1
2622,0,0,0,0
2623,0,0,0,0
2624,1,1,1,1
2625,0,0,1,1
2626,0,0,0,0
2627,0,0,0,0
2629,1,1,1,1
2631,0,0,0,0
2632,0,0,0,0
2634,1,1,1,1
2635,1,1,1,1
2637,1,1,1,1
2638,0,0,0,1
2639,1,1,1,1
2640,0,0,0,0
2641,1,1,1,1
2643,0,0,0,0
2644,0,0,0,0
2645,0,0,0,0
2646,1,1,1,1
2647,0,0,0,0
2649,1,1,1,1
2650,1,1,0,1
2652,0,0,0,0
2654,0,0,0,0
2655,1,1,1,0
2657,1,1,1,1
2658,1,1,1,1
2659,0,1,0,0
2660,1,1,1,1
2661,0,0,0,0
2662,1,1,0,1
2663,1,1,1,1
2664,1,1,1,1
2665,0,0,0,0
2666,1,1,1,1
2667,0,0,0,0
2668,0,0,0,0
2670,1,1,1,1
2671,0,1,1,1
2672,1,1,1,1
2673,1,1,1,1
2674,0,0,0,0
2675,1,1,1,1
2676,0,0,0,0
2677,1,1,1,1
2678,0,0,0,0
2680,1,1,1,1
2686,0,0,0,0
2687,1,1,1,1
2688,1,1,1,1
2689,0,0,0,0
2690,0,0,0,0
2691,0,1,0,0
2692,1,1,1,1
2693,1,1,1,1
2694,1,1,1,1
2696,1,0,0,1
2697,1,1,1,1
2698,0,0,1,0
2699,0,0,1,0
2700,1,1,1,1
2703,0,0,0,0
2704,0,0,0,0
2705,0,0,0,0
2706,0,0,0,0
2707,0,0,0,0
2708,1,1,1,1
2710,1,1,1,1
2711,0,0,0,0
2712,1,1,1,1
2714,1,1,1,1
2716,0,0,0,0
2717,1,1,1,1
2718,0,1,1,0
2719,0,1,1,0
2720,0,0,0,0
2721,0,0,0,0
2722,0,0,0,0
2723,0,0,0,0
2724,1,1,1,1
2725,0,0,0,0
2726,1,1,1,1
2727,1,1,1,1
2729,0,0,0,0
2730,0,0,0,0
2731,1,1,1,1
2732,1,1,1,1
2734,0,0,0,0
2735,1,1,1,1
2736,1,1,1,1
2737,1,1,1,1
2739,1,1,1,1
2740,0,0,0,0
2741,1,1,1,1
2742,0,0,0,0
2743,0,1,1,0
2744,1,1,1,1
2745,0,0,0,0
2747,0,0,0,0
2749,0,0,0,0
2750,0,0,0,0
2751,1,1,1,1
2754,0,0,0,0
2755,1,1,1,1
2756,1,1,1,1
2757,1,1,1,1
2759,0,0,0,0
2760,0,0,0,0
2761,1,1,1,1
2762,0,0,0,0
2763,1,1,1,0
2764,0,0,0,0
2765,0,0,0,1
2766,0,0,0,0
2767,0,0,0,0
2768,1,1,1,1
2769,1,1,1,1
2770,0,0,0,0
2771,0,0,0,0
2773,1,1,1,1
2774,0,0,0,0
2775,1,1,1,1
2776,0,0,0,0
2777,1,1,1,1
2778,0,0,0,0
2779,1,0,0,1
2780,1,0,0,1
2781,0,0,0,0
2782,0,0,0,0
2783,1,1,1,1
2784,1,1,1,1
2785,0,0,0,0
2786,0,0,0,0
2787,0,0,0,0
2788,1,1,1,1
2789,1,0,1,1
2790,0,0,0,0
2791,0,0,1,1
2792,0,0,0,0
2793,1,1,1,0
2794,0,0,0,0
2795,0,0,0,0
2796,1,1,1,1
2797,0,0,0,0
2798,1,1,1,1
2799,0,0,0,0
2803,0,0,0,0
2804,1,1,1,0
2806,0,0,0,0
2807,0,0,0,0
2808,0,0,0,0
2809,0,1,1,1
2810,0,0,0,0
2811,1,1,1,1
2812,0,0,0,0
2813,0,0,0,0
2815,0,0,0,0
2817,0,0,0,0
2818,1,1,1,1
2819,0,0,0,0
2820,1,1,1,1
2821,1,0,1,1
2822,0,0,0,0
2823,1,1,1,1
2824,0,0,0,0
2825,0,0,0,0
2826,0,0,0,0
2828,0,0,0,0
2829,1,1,1,1
2830,0,0,0,0
2833,0,0,0,0
2834,0,0,0,0
2835,1,1,1,1
2836,0,0,0,0
2837,0,0,0,0
2838,1,1,1,1
2839,1,1,1,1
2840,0,0,0,0
2841,1,1,1,1
2842,0,0,0,0
2843,0,0,0,0
2844,0,0,0,0
2846,0,0,0,0
2847,0,0,0,0
2848,1,1,1,1
2850,0,1,1,1
2851,0,1,1,1
2852,1,1,1,0
2853,0,0,1,1
2854,0,0,0,0
2855,1,1,1,1
2857,0,1,1,1
2858,1,1,1,1
2859,1,1,1,1
2860,1,1,1,1
2863,0,0,0,0
2864,0,0,0,0
2865,1,1,1,1
2866,1,1,1,1
2867,1,0,0,0
2868,1,1,1,1
2870,1,1,1,1
2871,0,0,0,0
2872,1,1,1,0
2873,0,0,0,0
2874,1,1,1,1
2875,1,1,0,1
2876,0,0,0,0
2877,0,0,0,0
2878,0,1,0,1
2879,0,0,0,0
2882,0,0,0,0
2883,0,0,0,0
2885,1,1,0,1
2886,1,1,1,1
2888,0,0,0,0
2889,0,0,0,0
2890,0,0,0,0
2891,1,1,1,1
2892,1,1,1,1
2893,1,1,1,1
2894,0,0,0,0
2896,0,0,0,0
2899,0,0,0,0
2900,0,0,0,0
2901,0,0,0,0
2902,0,0,0,0
2905,1,1,1,1
2907,1,0,0,0
2908,0,0,0,0
2909,0,0,0,0
2910,1,1,1,1
2912,0,0,0,0
2914,0,0,1,0
2915,1,1,1,1
2917,0,0,0,0
2918,1,0,1,1
2919,1,1,1,1
2920,0,1,1,0
2921,0,0,0,0
2923,0,0,0,0
2924,1,0,1,1
2925,1,1,1,1
2926,1,1,1,1
2927,0,0,0,0
2928,0,0,0,0
2929,1,1,1,1
2931,1,1,0,1
2932,0,0,0,0
2934,1,1,1,1
2935,1,1,1,1
2936,0,0,0,1
2937,0,0,0,0
2939,1,1,1,1
2940,0,0,0,0
2941,1,1,1,1
2942,1,1,1,1
2943,0,0,0,0
2946,0,0,0,0
2947,0,0,0,0
2949,0,0,0,0
2951,0,0,0,0
2952,0,0,0,0
2953,0,0,0,0
2954,1,0,0,0
2955,0,0,0,0
2956,1,1,1,1
2957,0,0,0,0
2959,0,0,0,0
2960,0,0,0,0
2961,1,1,1,1
2962,1,1,1,1
2963,0,0,0,0
2964,1,1,1,1
2967,0,0,0,0
2968,0,0,0,0
2969,1,0,1,0
2971,0,0,0,0
2972,0,1,0,0
2974,1,1,1,1
2975,0,0,0,0
2976,0,1,0,0
2977,0,0,0,0
2979,0,0,0,0
2980,0,1,0,0
2984,1,1,0,0
2986,0,0,0,0
2987,0,0,0,0
2988,0,0,0,1
2991,0,0,0,0
2992,1,1,1,1
2993,0,0,0,0
2994,0,0,0,0
2995,1,1,1,1
2996,1,1,1,1
2997,0,0,0,0
2998,0,0,0,0
2999,0,0,1,0
3000,0,0,0,0
3001,1,1,1,1
3002,1,1,1,1
3004,1,1,1,1
3005,1,1,1,1
3006,1,1,1,1
3007,1,1,1,1
3008,0,0,0,1
3009,1,1,1,1
3010,0,0,0,0
3011,0,0,0,0
3012,1,1,1,1
3013,0,0,0,0
3014,1,1,1,1
3015,1,1,1,1
3016,0,0,0,0
3017,0,0,0,0
3018,0,0,0,0
3019,1,1,0,0
3021,0,0,1,1
3023,0,0,0,0
3024,1,1,1,1
3025,0,0,1,0
3026,1,1,1,1
3027,0,0,0,0
3028,1,1,1,1
3029,0,0,0,0
3030,0,0,0,0
3031,1,1,1,1
3032,1,1,1,1
3033,0,0,1,1
3034,1,1,1,1
3036,0,0,0,0
3037,1,0,1,1
3038,0,0,0,0
3040,1,1,0,0
3041,0,0,0,0
3043,0,0,0,0
3044,0,0,0,0
3046,0,0,0,0
3047,0,0,0,0
3048,0,0,0,0
3050,1,1,1,1
3051,1,1,1,1
3052,0,0,0,0
3053,1,1,1,1
3054,1,0,1,0
3055,1,1,1,1
3056,0,0,0,0
3057,0,0,0,0
3059,1,1,1,1
3060,0,0,0,0
3062,0,1,1,0
3063,0,1,0,0
3065,0,0,0,0
3066,0,0,0,1
3067,0,0,0,0
3068,1,1,1,1
3069,0,0,0,0
3070,1,0,1,1
3071,1,1,1,1
3072,1,1,0,1
3075,0,0,0,0
3076,1,1,1,1
3078,1,1,1,1
3079,1,1,1,1
3080,1,1,1,1
3081,0,1,1,1
3082,1,1,0,1
3083,0,0,1,1
3084,0,0,0,0
3085,0,0,0,0
3086,0,0,0,0
3087,0,0,0,0
3088,0,0,0,0
3089,0,0,0,0
3090,0,0,0,0
3092,1,1,0,0
3093,1,1,1,0
3094,1,1,1,0
3095,0,0,0,0
3097,1,1,1,1
3098,1,1,1,1
3099,0,0,0,0
3102,1,1,1,1
3103,1,1,1,1
3104,1,1,1,1
3105,0,0,0,0
3106,0,0,0,0
3108,1,1,0,1
3109,0,0,0,0
3110,0,0,0,0
3111,1,0,0,1
3112,0,1,1,1
3113,1,1,1,1
3114,0,0,0,0
3115,0,0,0,0
3116,0,0,0,0
3117,0,0,0,0
3118,0,0,0,0
3119,1,1,1,1
3120,1,1,1,1
3121,0,0,0,0
3122,1,1,1,1
3123,1,1,1,1
3125,1,1,1,1
3126,1,1,1,1
3127,0,1,0,0
3128,1,1,1,1
3130,0,0,0,0
3131,0,0,0,0
3132,0,0,0,0
3133,1,1,1,1
3134,0,0,0,0
3135,0,1,0,0
3136,0,0,0,0
3137,0,0,0,0
3140,0,0,0,0
3141,1,1,1,1
3142,0,0,0,0
3143,1,1,1,1
3144,0,0,0,0
3145,0,0,0,0
3146,1,1,1,1
3147,0,0,0,0
3148,1,1,1,1
3149,0,0,0,0
3150,1,1,1,1
3151,0,0,0,0
3152,0,0,0,0
3153,0,1,1,1
3154,0,0,0,0
3155,1,1,0,0
3156,1,1,1,1
3157,1,0,0,0
3158,0,1,0,1
3159,0,1,1,1
3160,0,0,0,0
3162,1,1,1,1
3163,0,0,0,0
3165,1,1,1,1
3167,0,0,0,0
3168,1,1,1,1
3169,1,1,1,1
3171,0,0,0,0
3173,0,0,0,0
3175,1,1,1,1
3176,0,0,0,0
3177,0,0,0,0
3178,1,1,1,1
3179,1,0,0,1
3180,0,0,0,0
3181,1,1,1,1
3182,1,1,0,0
3184,0,0,0,0
3185,0,0,0,0
3186,0,0,0,0
3187,0,0,1,1
3188,1,1,1,1
3189,1,1,1,1
3190,1,1,1,1
3191,1,1,1,1
3193,0,0,0,0
3194,0,0,0,0
3195,1,1,1,1
3196,1,1,1,1
3198,0,0,0,0
3199,1,1,0,1
3200,0,0,0,0
3203,1,1,1,0
3204,0,0,0,0
3205,1,0,1,1
3206,1,1,1,1
3207,1,1,1,1
3208,0,0,0,0
3209,1,1,1,1
3210,0,0,0,0
3211,0,1,0,0
3212,0,0,0,0
3213,0,0,0,0
3215,0,0,0,0
3216,0,0,0,0
3217,0,1,0,1
3218,1,1,1,1
3219,1,1,1,1
3220,0,0,0,0
3221,1,1,1,1
3222,1,1,0,1
3224,0,0,0,0
3225,1,1,1,1
3226,1,1,0,0
3228,1,1,1,1
3229,0,0,0,0
3231,1,1,1,1
3232,0,0,0,0
3233,0,0,0,0
3234,1,1,1,1
3235,1,1,1,1
3236,1,1,1,1
3238,0,0,0,0
3239,0,0,0,0
3240,0,0,0,0
3241,1,0,1,0
3242,0,0,0,0
3243,0,0,0,1
3244,0,0,0,1
3246,1,1,1,1
3247,0,0,1,0
3250,0,0,0,0
3251,0,0,0,0
3252,0,1,1,0
3255,0,0,0,0
3256,1,1,1,1
3257,1,1,1,1
3258,0,1,0,0
3259,1,1,1,1
3260,0,0,1,0
3261,0,1,0,0
3262,1,1,1,1
3263,0,0,0,0
3264,1,1,1,1
3265,0,1,0,0
3266,0,0,1,0
3268,0,0,0,0
3269,0,0,0,0
3270,0,1,0,1
3272,0,0,0,0
3273,0,0,0,0
3274,1,1,1,0
3275,0,1,1,1
3276,0,0,0,0
3278,0,0,0,0
3279,0,1,1,0
3280,0,1,1,1
3281,0,0,0,0
3282,0,0,0,0
3283,1,1,1,1
3284,0,0,0,0
3285,1,1,0,1
3286,1,1,1,1
3287,1,1,1,1
3288,0,0,0,0
3289,0,0,0,0
3290,1,1,1,1
3291,1,1,1,1
3294,1,1,0,0
3295,1,1,1,1
3296,0,1,0,0
3297,0,0,0,0
3299,0,0,0,0
3300,0,1,0,1
3301,1,1,1,1
3303,0,0,0,0
3305,0,0,0,0
3306,1,0,0,0
3307,0,0,0,1
3308,0,0,0,0
3309,0,0,0,0
3312,0,0,0,0
3314,0,0,0,0
3315,1,1,1,1
3316,0,0,0,1
3318,0,0,0,0
3319,1,1,0,1
3320,1,1,1,1
3321,1,1,1,1
3323,0,0,0,0
3324,0,0,0,0
3325,0,0,0,0
3327,1,0,0,0
3328,1,1,1,1
3329,0,0,0,1
3330,0,1,0,1
3331,1,1,1,1
3332,1,0,0,1
3333,0,0,0,0
3336,1,1,1,1
3337,1,1,1,1
3338,1,1,0,1
3339,1,1,1,1
3340,1,1,1,0
3341,0,0,0,0
3342,0,0,0,0
3344,0,0,0,0
3345,0,1,1,1
3346,0,1,1,0
3348,1,1,1,1
3349,1,1,1,1
3350,1,0,0,1
3351,1,1,1,1
3352,0,0,0,1
3354,0,0,0,0
3355,0,1,1,0
3356,0,0,0,0
3358,1,1,1,1
3360,1,1,1,1
3361,0,0,0,0
3362,0,0,0,1
3363,1,1,1,1
3364,0,0,0,0
3365,0,0,0,0
3366,0,0,0,0
3367,1,1,1,1
3370,0,0,0,0
3371,0,0,0,0
3373,0,0,0,0
3374,1,1,1,1
3375,1,1,1,0
3377,0,0,0,0
3378,0,0,0,0
3379,1,1,1,1
3380,0,0,0,0
3381,0,1,1,0
3383,0,0,0,0
3384,1,1,1,1
3385,0,0,0,0
3386,0,0,0,0
3387,0,0,0,0
3388,1,1,1,1
3389,0,0,0,0
3390,0,0,0,0
3391,0,0,0,0
3393,1,1,1,1
3396,1,1,1,1
3397,0,0,0,0
3398,1,1,1,1
3399,0,1,1,0
3400,0,0,0,0
3401,1,1,1,0
3402,1,1,1,1
3403,0,0,0,0
3404,0,0,0,0
3405,0,0,0,0
3406,1,1,1,1
3407,0,0,0,0
3408,1,1,1,1
3409,0,0,0,0
3410,1,1,1,1
3411,1,1,1,1
3413,0,0,0,0
3414,1,1,1,1
3415,0,0,0,0
3417,0,1,0,1
3418,0,0,0,0
3419,0,0,0,0
3420,1,1,1,1
3421,1,1,1,1
3422,1,1,1,1
3423,0,0,0,0
3425,0,0,0,0
3426,0,0,0,0
3427,1,1,1,1
3429,1,0,1,1
3430,1,1,1,1
3431,1,1,1,1
3432,0,1,1,1
3433,1,1,1,1
3434,1,0,0,0
3435,1,1,1,1
3436,0,0,0,0
3437,1,1,1,1
3438,1,1,1,1
3439,0,0,0,0
3440,1,1,1,1
3441,1,1,1,1
3442,0,0,0,0
3443,0,0,0,0
3444,1,0,0,1
3445,1,1,0,1
3447,0,0,0,0
3448,0,0,0,0
3449,1,1,1,1
3450,0,0,0,0
3452,1,1,1,1
3453,1,1,1,1
3456,0,0,0,0
3457,1,1,1,1
3458,1,1,1,1
3459,1,1,1,1
3460,0,0,0,0
3461,0,0,0,0
3462,0,0,0,0
3463,0,0,0,0
3464,0,0,0,0
3467,0,0,0,0
3468,0,0,0,0
3469,1,1,1,1
3470,0,0,0,0
3471,1,1,1,1
3472,1,1,1,1
3473,1,1,1,1
3474,1,1,1,1
3475,0,0,1,1
3476,0,0,0,0
3477,1,1,1,1
3478,0,0,0,0
3479,1,1,1,1
3481,1,1,1,1
3482,0,0,0,0
3483,1,0,1,1
3485,0,0,0,0
3487,0,1,1,1
3488,1,1,1,1
3489,1,1,1,1
3491,0,0,0,0
3493,1,1,1,1
3494,0,0,0,0
3495,0,0,0,0
3498,0,0,0,0
3499,0,0,0,0
3500,0,0,0,0
3501,0,0,0,0
3502,0,0,0,0
3503,0,0,1,0
3504,0,0,0,0
3506,1,1,1,1
3507,1,1,1,1
3508,0,0,0,0
3509,1,1,0,1
3510,0,0,1,0
3512,1,1,1,1
3514,0,0,0,0
3518,1,1,1,1
3522,0,0,0,0
3523,0,0,0,0
3524,0,0,0,0
3525,0,1,1,1
3526,0,1,0,0
3527,1,1,1,1
3528,1,0,0,0
3529,0,0,0,1
3530,0,0,0,0
3531,1,1,1,1
3532,0,0,0,0
3533,0,0,0,0
3534,0,0,0,0
3536,0,0,0,0
3538,0,0,0,0
3539,0,0,0,0
3540,0,0,0,0
3541,1,1,1,1
3542,0,0,0,0
3544,1,1,1,1
3545,1,1,1,1
3546,1,1,1,1
3547,0,0,0,0
3548,0,0,0,0
3549,1,1,1,1
3551,0,0,0,0
3553,1,1,1,1
3555,0,0,0,0
3556,0,0,0,0
3557,1,1,1,1
3558,1,0,1,1
3559,1,1,1,1
3561,1,1,1,0
3562,0,0,1,1
3564,1,1,1,1
3565,0,0,0,0
3566,1,1,1,1
3567,1,1,1,1
3568,0,0,0,0
3569,1,1,0,0
3570,0,1,1,1
3571,1,1,1,1
3573,0,0,1,0
3575,0,0,0,0
3576,0,0,0,0
3577,1,1,0,1
3578,1,1,1,1
3579,1,1,1,1
3581,1,1,1,1
3582,1,1,1,1
3584,1,1,1,1
3585,1,1,1,1
3587,0,0,0,0
3589,1,1,1,1
3591,0,0,0,0
3592,1,0,0,1
3593,0,0,0,0
3594,1,1,1,1
3595,0,0,0,0
3596,0,0,0,0
3597,1,1,1,1
3599,0,0,0,0
3600,0,0,0,0
3601,0,1,1,1
3602,0,0,0,0
3603,0,0,0,0
3604,0,0,0,0
3605,1,1,1,1
3606,0,0,0,0
3608,1,1,1,0
3609,1,1,1,1
3610,0,1,0,1
3611,0,0,0,0
3612,0,0,0,0
3614,0,0,0,0
3615,1,1,1,1
3616,0,1,0,1
3617,0,1,0,0
3618,1,1,1,1
3619,0,0,0,0
3620,1,1,1,1
3621,1,0,0,0
3622,1,1,1,1
3624,0,0,0,0
3625,1,1,1,1
3626,1,1,1,1
3627,0,0,0,0
3628,0,0,0,0
3629,0,0,0,0
3630,1,1,1,1
3632,1,1,1,1
3633,1,1,1,1
3634,1,1,0,0
3635,1,1,1,1
3636,1,1,1,1
3637,0,0,0,0
3638,1,1,1,1
3640,0,0,0,0
3641,0,0,0,0
3642,1,1,1,1
3643,0,0,0,0
3644,0,0,0,0
3645,0,0,0,0
3646,0,0,0,0
3647,0,0,0,0
3648,0,0,0,0
3649,1,1,0,1
3650,0,0,0,0
3651,0,0,0,0
3652,1,1,1,1
3653,0,0,0,0
3655,1,0,1,1
3657,1,1,1,1
3658,0,0,0,0
3659,0,1,1,1
3660,0,0,0,0
3661,1,1,0,1
3662,1,0,1,1
3664,0,0,0,0
3665,0,0,0,0
3666,0,0,0,0
3667,1,1,1,1
3668,1,1,1,1
3669,0,0,1,1
3670,1,0,1,1
3671,1,1,1,1
3672,1,1,1,1
3674,0,0,0,0
3675,0,0,0,0
3676,0,0,1,1
3677,0,0,0,0
3678,1,1,1,1
3679,0,1,0,0
3680,0,0,0,0
3682,0,0,0,0
3684,0,0,0,0
3685,1,0,0,0
3686,1,1,1,1
3689,1,0,0,0
3692,1,1,1,1
3694,0,1,1,1
3695,0,0,0,0
3696,1,1,1,1
3697,0,0,0,0
3698,0,0,0,0
3699,1,1,1,1
3700,0,0,0,0
3701,1,1,1,1
3702,0,0,0,0
3704,1,1,1,1
3705,0,1,1,1
3706,0,0,0,0
3707,1,1,1,1
3708,1,1,1,1
3709,1,1,1,1
3711,0,0,0,0
3712,1,1,1,1
3714,1,0,0,1
3715,0,0,0,0
3716,1,1,0,1
3717,0,0,0,0
3721,0,0,0,0
3722,0,0,0,0
3723,1,1,1,1
3724,0,0,1,1
3725,0,1,1,0
3726,0,0,0,0
3729,1,1,1,1
3730,0,0,0,0
3731,0,0,0,0
3732,0,0,0,0
3733,1,1,1,1
3735,0,0,0,0
3736,0,0,1,1
3737,1,1,1,1
3738,0,0,0,1
3739,1,1,0,1
3740,1,0,1,1
3741,1,1,1,1
3743,0,0,0,0
3744,0,0,0,0
3745,1,1,1,1
3746,1,1,1,1
3747,0,0,0,1
3748,0,0,0,0
3750,0,0,0,1
3751,0,0,0,0
3752,0,0,0,0
3754,1,1,1,1
3755,1,1,1,1
3756,1,1,1,1
3757,0,0,0,0
3758,1,1,1,1
3759,1,1,1,1
3761,0,0,0,0
3763,1,0,1,1
3764,0,0,0,0
3765,0,0,0,0
3766,0,0,0,0
3767,0,0,0,0
3769,1,1,1,1
3771,0,0,0,0
3772,1,1,1,1
3773,0,0,0,0
3774,0,0,0,0
3775,0,0,0,0
3776,1,1,1,1
3777,0,0,0,0
3778,0,0,0,0
3779,0,1,1,0
3780,0,0,0,0
3782,0,0,0,0
3784,0,0,0,0
3785,1,1,1,1
3786,0,0,0,0
3787,0,0,0,0
3788,1,1,1,1
3792,0,0,0,0
3793,1,1,1,1
3794,0,0,0,0
3795,0,0,0,0
3796,1,1,1,1
3797,0,0,0,0
3798,0,1,0,0
3799,1,1,1,1
3802,0,0,0,0
3803,1,1,1,1
3804,1,1,1,1
3805,1,1,1,1
3806,0,0,0,0
3807,0,1,0,0
3809,1,1,1,1
3811,0,0,0,0
3812,0,0,0,0
3813,1,1,1,1
3814,0,0,0,0
3815,0,0,0,0
3816,0,0,0,0
3818,1,1,1,1
3820,0,0,0,0
3821,0,0,0,0
3822,1,1,0,1
3823,0,0,0,0
3824,1,1,1,1
3825,1,1,1,1
3826,0,0,0,0
3828,1,0,0,1
3830,1,1,1,1
3831,0,0,0,0
3832,0,0,0,0
3834,0,1,1,0
3835,1,1,1,1
3837,0,0,0,0
3838,1,1,0,1
3839,0,1,1,0
3840,0,0,0,0
3841,1,1,1,1
3844,0,0,0,0
3846,1,0,1,1
3847,0,0,0,0
3849,1,1,1,1
3850,0,0,0,0
3851,0,0,1,0
3852,0,0,0,0
3854,0,0,0,0
3855,1,1,1,0
3858,1,1,1,1
3859,1,1,1,1
3860,0,0,0,0
3861,0,0,0,0
3862,1,1,1,0
3863,1,1,1,1
3864,0,0,0,0
3865,0,0,0,0
3866,0,0,0,0
3867,1,1,1,1
3868,0,0,0,0
3869,0,0,0,0
3871,1,1,1,1
3872,1,1,1,1
3873,1,1,1,1
3874,1,1,1,1
3875,1,1,1,1
3876,0,0,0,0
3878,0,0,0,0
3879,1,1,1,1
3880,0,0,0,0
3881,0,0,0,0
3882,1,1,1,1
3883,0,0,0,0
3884,0,0,0,0
3885,0,0,0,0
3887,0,0,0,0
3888,0,0,1,0
3889,0,0,0,0
3890,1,1,1,1
3892,1,1,0,0
3893,0,0,0,0
3894,0,0,0,0
3895,0,0,0,0
3897,0,1,0,1
3898,0,0,0,0
3901,1,1,1,1
3902,0,0,0,0
3903,1,1,1,1
3904,1,0,0,0
3905,1,1,1,1
3906,0,0,0,0
3907,1,1,1,1
3908,0,0,0,0
3909,0,0,0,0
3912,1,0,1,0
3916,1,1,1,1
3917,0,0,0,0
3918,0,1,1,1
3919,0,0,0,0
3920,0,0,0,0
3921,0,0,0,0
3922,0,0,0,0
3924,0,0,0,0
3925,0,0,0,0
3926,0,0,0,0
3928,0,0,0,0
3929,0,0,0,0
3931,1,0,1,0
3934,0,1,0,0
3935,1,1,1,1
3936,1,0,1,1
3939,1,0,1,0
3940,0,0,0,0
3941,0,1,1,1
3942,1,1,1,1
3943,0,0,0,0
3944,1,1,1,1
3945,1,1,1,1
3946,0,0,0,0
3947,1,1,1,1
3948,1,0,1,0
3949,1,1,1,1
3950,1,1,1,1
3951,0,1,1,1
3952,0,0,0,0
3953,0,1,1,1
3954,0,1,0,1
3955,1,1,1,1
3956,1,1,1,1
3957,1,1,1,1
3958,0,0,0,0
3959,0,0,0,0
3961,0,0,0,0
3963,0,0,0,0
3965,0,0,0,0
3966,1,1,1,1
3967,1,1,1,1
3969,0,0,0,0
3970,1,0,0,0
3972,1,0,1,1
3973,0,0,0,0
3974,0,0,0,0
3976,0,0,0,0
3977,0,1,1,1
3978,1,1,1,1
3979,1,1,1,1
3980,1,1,1,1
3981,0,0,0,0
3982,0,0,0,0
3983,1,1,1,1
3984,0,0,0,0
3985,0,0,0,0
3986,1,1,1,1
3987,0,1,0,0
3988,0,0,0,0
3989,1,1,1,1
3990,0,1,1,0
3991,1,1,1,1
3992,1,1,1,1
3993,0,0,0,0
3994,0,0,0,0
3995,0,0,0,0
3996,0,0,0,0
3997,0,0,0,0
3998,0,0,0,0
3999,0,0,0,0
4000,1,0,1,1
4001,1,1,1,1
4002,1,1,1,1
4003,1,1,0,1
4004,0,0,0,0
4005,0,0,0,0
4006,1,1,1,1
4007,0,0,0,0
4008,1,1,1,0
4009,0,0,0,0
4010,0,0,0,0
4011,0,0,0,0
4012,1,0,0,0
4014,1,1,1,1
4016,1,1,1,1
4017,0,0,0,0
4018,0,0,0,0
4019,1,0,0,0
4020,1,1,1,1
4021,1,1,1,1
4022,0,1,1,0
4023,0,0,0,0
4024,0,0,0,0
4025,0,0,0,0
4026,0,0,0,0
4027,0,0,0,0
4028,0,0,0,0
4029,1,1,1,1
4030,1,1,1,1
4031,0,0,0,0
4032,0,0,0,0
4033,1,1,1,1
4035,0,0,0,1
4036,1,1,1,1
4037,0,0,0,0
4038,0,0,0,0
4039,0,0,0,0
4041,0,0,0,0
4042,0,0,0,0
4043,0,0,0,0
4044,1,1,1,1
4045,0,0,0,0
4046,0,0,0,0
4047,0,0,0,0
4048,1,1,1,1
4049,0,0,0,0
4050,0,1,0,0
4051,0,1,1,1
4052,0,0,0,0
4053,0,0,0,0
4054,1,1,1,1
4055,0,0,0,0
4056,1,1,1,1
4059,0,0,0,0
4061,1,1,1,1
4063,1,1,1,1
4066,0,0,0,0
4067,1,1,1,1
4068,1,1,1,1
4070,0,0,0,0
4071,1,1,1,1
4072,0,0,0,0
4073,1,0,1,1
4074,0,0,0,0
4075,1,1,1,1
4076,0,0,0,0
4078,0,0,0,0
4080,1,1,1,1
4081,0,0,0,0
4082,0,0,0,0
4083,1,1,1,1
4084,1,1,1,1
4087,0,0,0,0
4088,1,1,1,1
4089,0,0,0,0
4090,0,0,0,0
4091,1,1,1,1
4092,0,0,0,0
4093,0,0,0,0
4097,0,0,0,0
4098,0,0,0,0
4099,0,0,1,0
4101,0,0,0,0
4102,1,1,1,1
4103,1,1,1,1
4104,0,0,0,0
4105,0,0,0,0
4106,0,0,0,0
4108,1,0,1,0
4109,0,0,0,0
4110,1,0,0,0
4111,1,1,1,1
4112,0,0,0,0
4113,1,0,0,1
4114,0,0,0,1
4115,1,1,1,1
4117,0,0,0,0
4119,0,1,1,1
4121,0,0,0,0
4122,1,1,1,1
4124,0,0,0,0
4126,0,0,0,0
4127,1,1,1,1
4128,0,0,1,1
4129,1,1,1,1
4131,0,0,0,1
4132,0,0,0,0
4133,0,0,0,0
4134,0,0,0,0
4135,1,0,0,1
4138,1,1,1,0
4139,1,1,1,1
4140,0,0,0,0
4141,0,0,0,0
4142,0,0,0,0
4143,0,0,0,0
4144,0,0,0,0
4146,1,1,1,1
4147,0,0,0,0
4148,0,0,0,0
4149,1,0,0,0
4150,1,1,1,1
4151,1,1,1,1
4152,0,0,0,0
4153,1,1,1,1
4154,1,1,1,1
4155,0,0,0,0
4156,1,1,1,1
4157,1,1,1,1
4158,0,0,0,0
4159,0,0,0,0
4160,0,0,0,0
4161,1,1,1,1
4162,0,0,0,0
4163,0,0,0,0
4165,1,1,1,1
4166,0,0,0,1
4167,1,1,1,1
4168,0,0,0,0
4169,1,1,1,1
4170,0,0,0,0
4171,1,1,1,1
4172,0,0,0,0
4174,1,1,1,1
4176,0,0,0,0
4177,1,1,1,1
4178,0,0,0,0
4179,0,0,0,0
4180,0,0,0,0
4181,1,1,1,1
4182,1,1,1,1
4183,0,0,0,0
4185,0,0,0,0
4186,1,1,0,0
4187,0,0,0,0
4188,0,0,0,0
4190,1,1,1,1
4191,0,0,0,0
4192,0,0,0,1
4193,0,0,0,0
4194,0,0,0,0
4195,1,1,0,1
4196,1,1,1,1
4197,1,1,0,0
4198,0,0,0,0
4199,1,1,1,1
4200,1,0,0,1
4201,0,0,0,0
4203,1,0,0,1
4206,1,1,1,1
4208,0,0,0,0
4210,1,1,1,1
4211,1,1,1,1
4212,1,1,1,1
4213,0,0,0,0
4214,1,1,1,0
4215,0,0,0,0
4217,0,1,0,1
4218,1,1,1,1
4220,1,0,1,1
4221,0,0,0,0
4222,1,1,1,1
4223,0,0,0,0
4224,1,1,1,1
4225,0,0,0,0
4227,1,1,1,1
4228,1,1,1,1
4229,1,0,0,0
4232,0,0,0,0
4233,0,0,0,0
4234,0,0,0,0
4236,0,0,0,0
4237,1,1,0,0
4238,0,0,0,0
4239,0,0,0,0
4240,0,0,0,0
4241,0,0,0,0
4242,1,1,1,1
4244,1,1,1,1
4245,0,0,0,0
4247,0,1,1,1
4248,0,0,0,0
4250,1,1,1,1
4251,1,1,1,1
4252,1,1,1,1
4253,0,0,0,0
4254,0,1,0,1
4256,0,0,0,0
4257,0,0,1,1
4258,0,0,0,0
4259,1,0,0,1
4260,1,1,1,1
4263,0,0,0,0
4264,0,0,0,0
4265,0,0,0,0
4266,1,1,1,1
4267,1,1,1,1
4268,1,1,1,1
4269,0,0,0,0
4270,1,1,1,1
4271,0,0,0,0
4272,1,1,1,1
4273,1,0,0,0
4276,1,1,1,1
4278,0,0,0,0
4280,1,1,1,1
4281,0,0,0,0
4282,0,0,0,0
4283,1,0,1,0
4284,0,0,0,0
4285,0,0,0,0
4286,1,0,0,0
4287,1,0,0,1
4289,0,0,0,0
4290,1,1,1,1
4291,1,1,1,1
4292,0,0,0,0
4294,0,0,0,0
4295,1,1,1,1
4296,1,1,1,1
4297,0,0,0,0
4298,1,1,1,0
4299,1,1,1,1
4300,1,1,0,1
4301,1,1,0,1
4303,0,0,0,0
4304,0,0,0,0
4305,1,1,1,1
4306,1,1,1,1
4308,0,0,0,0
4310,0,0,0,0
4311,1,1,1,1
4312,0,0,0,0
4313,0,0,0,1
4314,0,1,0,0
4315,0,0,0,0
4318,1,0,1,1
4319,1,1,1,1
4320,0,1,1,1
4321,0,1,1,1
4322,0,0,0,0
4323,0,0,0,0
4324,1,1,1,1
4325,0,0,0,0
4327,0,0,0,0
4328,0,1,1,0
4330,0,0,0,0
4333,0,0,0,0
4334,1,1,1,1
4335,0,0,0,0
4336,0,0,0,0
4337,0,0,0,0
4339,1,1,1,1
4340,1,1,0,0
4341,1,1,1,1
4342,0,0,0,0
4343,0,0,0,0
4344,1,0,0,1
4345,0,0,0,1
4347,1,1,1,1
4348,0,0,0,0
4349,0,0,0,0
4350,1,1,1,1
4352,0,0,0,0
4353,1,1,1,1
4354,1,1,1,1
4355,0,0,0,0
4356,0,0,0,0
4357,1,1,1,1
4358,0,0,0,0
4360,1,1,1,1
4361,1,1,1,1
4363,1,1,1,1
4364,0,0,0,0
4365,1,1,1,1
4367,0,0,0,0
4369,0,0,0,0
4370,0,0,0,0
4371,1,1,1,1
4372,0,0,0,0
4373,1,1,1,1
4374,1,0,0,1
4376,1,1,1,1
4378,1,1,1,1
4379,0,0,1,0
4380,0,1,0,1
4381,1,1,1,1
4382,0,0,0,0
4383,1,1,1,1
4384,0,0,0,0
4385,1,1,1,1
4386,1,0,1,1
4389,1,1,0,0
4390,1,1,1,1
4391,1,1,1,1
4392,1,1,1,1
4393,0,0,0,0
4394,0,0,0,0
4396,0,0,0,0
4397,0,1,1,1
4399,0,0,0,0
4400,1,1,1,1
4402,1,1,1,1
4403,1,1,0,0
4404,0,0,0,0
4406,0,0,0,0
4407,0,0,0,0
4408,1,0,1,0
4409,1,1,1,1
4411,0,0,0,0
4412,0,0,0,0
4414,0,0,0,0
4415,0,0,0,0
4416,0,0,0,0
4418,1,1,1,1
4419,0,0,0,0
4420,0,0,0,0
4421,0,0,0,0
4422,0,0,0,0
4423,1,1,1,1
4424,1,1,1,1
4426,0,0,0,0
4427,0,0,0,0
4429,1,1,1,1
4430,1,1,1,1
4431,1,1,1,1
4432,0,0,0,0
4433,1,1,1,1
4434,1,1,1,1
4437,0,0,0,0
4438,0,0,0,0
4439,0,0,0,0
4440,0,1,1,1
4442,0,0,0,0
4443,1,0,0,0
4445,0,0,0,0
4446,1,1,1,1
4447,0,0,0,0
4448,1,1,1,1
4449,0,0,1,0
4450,0,0,0,0
4451,0,0,0,0
4452,0,1,1,1
4453,0,0,0,0
4455,0,1,0,0
4456,1,1,1,1
4457,1,1,1,1
4458,1,1,1,1
4459,1,1,1,1
4460,0,0,0,0
4461,1,1,1,1
4462,0,0,0,0
4464,0,1,1,0
4465,0,1,0,0
4466,0,0,0,0
4467,1,1,1,1
4468,1,1,1,1
4469,0,0,0,0
4470,0,0,0,0
4472,0,0,0,0
4473,1,1,1,1
4474,0,0,0,0
4476,0,0,0,0
4477,0,0,0,0
4478,1,1,1,1
4479,0,0,1,0
4480,1,1,1,1
4482,0,0,0,0
4483,1,1,1,1
4484,0,0,0,1
4485,1,1,1,1
4487,0,0,0,0
4488,1,1,0,1
4489,0,0,0,0
4491,0,0,0,0
4492,0,0,0,0
4495,1,1,1,1
4496,0,0,0,0
4497,0,0,0,0
4498,0,0,0,0
4499,0,0,0,0
4501,0,0,0,0
4502,0,0,0,0
4504,0,0,0,0
4505,0,0,0,0
4506,0,0,0,0
4507,0,0,0,0
4508,0,0,0,0
4509,1,1,1,1
4510,1,1,0,0
4511,1,1,1,1
4512,0,0,0,0
4513,0,0,0,0
4514,1,1,1,1
4515,1,1,1,1
4516,0,0,0,0
4517,0,0,0,0
4519,1,1,1,1
4520,0,0,0,0
4521,0,0,1,0
4523,0,1,0,0
4524,0,0,0,0
4525,1,1,1,1
4526,0,0,0,0
4528,0,0,0,0
4529,0,0,0,0
4530,0,1,0,1
4531,1,1,1,1
4533,0,0,0,0
4534,1,1,1,1
4536,0,0,0,0
4537,1,1,1,1
4538,1,1,1,1
4539,0,0,1,0
4540,1,1,1,1
4542,1,1,1,1
4543,0,0,0,0
4544,1,1,1,1
4545,0,0,0,0
4546,0,1,0,0
4547,0,0,0,0
4548,0,0,0,0
4550,0,0,0,0
4552,0,0,0,0
4553,0,0,0,0
4554,0,0,0,0
4555,0,0,0,0
4556,0,0,0,0
4558,1,1,1,1
4560,1,1,1,1
4561,1,1,1,1
4563,0,0,0,0
4565,0,0,0,0
4569,0,0,0,0
4570,0,1,0,0
4571,1,1,1,1
4572,1,1,1,1
4573,1,1,1,1
4574,0,0,0,1
4575,1,1,1,1
4576,1,0,0,0
4578,0,0,0,0
4579,0,1,0,0
4581,0,0,0,0
4582,0,0,0,0
4583,0,1,0,0
4584,1,1,0,0
4585,1,1,1,1
4588,0,0,1,0
4589,1,0,0,0
4590,0,0,0,0
4591,0,0,0,0
4592,0,0,0,0
4593,1,1,1,1
4594,0,0,0,0
4595,1,0,0,1
4598,0,0,0,0
4599,0,0,0,0
4600,0,0,0,0
4601,0,0,0,0
4602,1,1,1,1
4603,0,0,0,0
4604,0,0,0,0
4605,0,0,0,0
4606,1,1,1,0
4607,1,1,1,1
4608,0,0,0,0
4609,1,1,0,1
4610,0,0,0,1
4612,0,1,0,1
4613,1,0,0,0
4614,1,1,1,1
4615,1,1,1,1
4616,0,0,0,0
4617,0,0,0,0
4618,0,0,0,0
4619,1,1,1,1
4620,1,1,0,0
4621,1,1,1,1
4622,0,0,0,0
4623,0,0,0,0
4624,0,0,0,0
4626,1,1,1,1
4627,1,1,1,1
4628,1,1,1,1
4630,0,0,0,1
4631,0,0,0,0
4632,1,1,1,1
4633,1,1,0,1
4635,1,1,1,1
4636,0,0,0,0
4637,0,0,0,0
4638,0,0,0,0
4639,0,1,0,0
4641,1,1,1,1
4642,0,1,0,0
4643,0,0,0,0
4645,0,0,0,0
4647,0,0,0,0
4648,0,1,1,1
4649,0,0,0,0
4650,0,0,0,0
4652,0,0,0,0
4653,0,0,0,0
4654,0,0,0,0
4656,0,0,1,1
4658,0,0,0,0
4659,1,1,1,1
4660,0,0,0,0
4661,0,0,0,0
4662,0,0,0,0
4664,1,1,1,1
4665,1,1,1,1
4667,0,0,0,1
4668,1,1,1,1
4670,1,1,1,1
4671,0,0,0,0
4673,1,1,1,1
4674,0,0,0,0
4675,0,1,1,0
4677,0,0,0,0
4678,1,1,1,1
4679,1,1,0,1
4680,1,1,1,1
4682,1,1,1,1
4684,0,0,1,1
4685,0,0,0,0
4686,0,0,0,0
4687,0,1,1,1
4688,0,1,1,0
4689,0,0,0,0
4690,0,0,0,0
4691,1,1,1,1
4692,0,0,0,0
4693,0,0,0,0
4694,1,0,0,0
4695,0,0,0,0
4696,1,1,1,1
4697,0,0,0,0
4698,1,1,1,1
4699,0,0,0,0
4700,0,0,0,0
4701,1,1,1,1
4702,1,1,1,1
4703,0,0,1,1
4704,1,1,1,1
4705,1,1,1,1
4706,0,0,0,0
4707,0,0,0,0
4708,1,1,1,1
4709,0,1,0,0
4710,0,0,0,0
4711,1,1,1,1
4712,0,0,0,0
4713,1,1,1,0
4714,0,0,0,0
4715,0,0,0,0
4716,0,0,0,0
4717,0,0,0,0
4718,0,0,0,0
4719,0,0,0,0
4721,1,1,1,1
4722,0,0,1,1
4723,1,1,1,1
4726,0,1,1,1
4727,0,0,0,0
4728,1,1,1,1
4730,0,0,0,0
4731,0,0,0,0
4732,1,0,0,0
4733,0,0,0,0
4734,0,0,0,0
4735,0,0,0,0
4736,0,0,0,0
4737,0,0,0,0
4741,1,1,1,1
4742,0,0,0,0
4744,1,1,1,0
4747,0,0,0,0
4748,0,0,0,0
4749,1,1,1,1
4750,0,0,0,0
4752,1,1,1,1
4753,1,1,1,1
4754,1,1,1,1
4755,0,0,0,0
4756,1,1,1,1
4757,0,0,0,0
4758,1,0,0,1
4759,0,0,0,0
4760,0,0,0,0
4761,1,0,0,0
4762,0,1,0,0
4764,0,1,0,0
4765,0,0,0,0
4767,0,0,0,0
4768,0,0,0,0
4769,1,1,1,1
4772,1,1,1,1
4773,1,1,1,1
4774,0,0,0,0
4775,1,1,1,1
4776,0,0,0,0
4777,0,1,0,0
4779,1,1,1,1
4780,1,0,0,1
4781,1,1,0,1
4782,0,0,0,0
4783,1,1,1,1
4784,0,0,0,1
4785,0,0,0,0
4787,0,0,0,0
4789,1,1,1,1
4790,0,0,0,0
4791,1,1,1,1
4792,1,1,1,1
4794,0,0,0,0
4795,0,0,0,0
4796,0,0,0,0
4797,1,1,1,1
4798,1,1,1,1
4799,1,1,1,1
4800,0,0,0,0
4801,1,1,0,0
4802,1,1,1,1
4803,0,0,0,0
4804,0,0,0,0
4805,1,1,1,1
4806,0,0,0,0
4807,0,0,0,0
4808,0,0,0,0
4809,1,1,1,1
4812,0,0,0,0
4813,1,0,1,1
4815,0,0,0,0
4816,1,1,1,1
4817,1,1,1,1
4818,1,1,1,1
4819,0,0,0,0
4822,0,0,0,0
4824,1,1,1,1
4825,1,1,0,0
4826,0,0,0,0
4827,1,1,1,1
4828,0,0,0,0
4831,0,1,1,1
4832,1,1,1,1
4833,0,0,0,0
4835,0,0,0,0
4836,1,1,1,1
4837,1,1,1,1
4838,0,0,0,0
4839,1,1,1,1
4840,0,0,0,0
4841,0,0,0,0
4842,1,1,1,1
4843,1,1,1,0
4844,1,1,1,1
4845,1,1,1,1
4846,0,1,1,1
4847,0,0,1,1
4848,0,0,0,0
4849,0,0,0,0
4850,1,1,1,1
4851,0,0,0,0
4852,0,0,0,0
4853,0,0,0,0
4855,0,0,0,0
4856,1,1,1,1
4857,1,1,1,1
4858,0,0,0,0
4859,1,1,1,1
4861,0,0,0,0
4862,0,0,0,0
4863,1,1,1,1
4864,1,1,1,1
4865,0,0,0,0
4866,1,1,1,1
4867,0,0,1,0
4869,0,0,0,0
4870,1,1,0,0
4871,1,1,1,1
4872,0,0,0,0
4874,0,0,0,0
4876,0,0,0,0
4878,0,0,0,0
4880,0,0,0,0
4881,0,0,0,0
4883,0,0,1,0
4884,0,0,0,0
4885,1,1,1,1
4886,0,0,0,0
4887,0,0,0,0
4889,0,0,0,0
4890,0,0,0,0
4892,0,0,0,0
4894,1,1,1,1
4895,1,1,0,0
4896,0,0,1,0
4897,0,0,0,0
4898,0,0,0,0
4900,0,0,0,0
4901,1,0,0,0
4903,0,0,0,0
4904,0,0,0,0
4907,0,0,0,0
4908,0,0,0,0
4909,0,0,0,0
4910,1,1,1,1
4911,1,1,1,1
4912,1,1,1,1
4913,1,1,1,1
4914,0,0,0,0
4915,1,1,1,1
4916,0,0,0,0
4918,0,1,0,1
4919,1,1,1,1
4921,0,0,0,0
4922,1,1,1,1
4924,0,0,0,0
4925,1,1,1,1
4926,0,0,0,0
4927,1,1,1,1
4928,0,0,0,0
4929,1,1,1,1
4930,0,0,1,0
4931,1,1,1,1
4932,1,1,1,1
4933,0,1,1,1
4934,0,0,0,0
4936,1,1,1,1
4937,1,1,1,1
4940,1,1,1,1
4941,1,1,1,1
4942,1,1,1,1
4943,0,0,0,0
4944,1,1,1,1
4945,0,0,0,0
4946,1,1,0,1
4947,1,1,1,1
4948,0,0,0,0
4949,0,0,0,1
4951,1,1,1,1
4952,0,1,1,0
4953,1,1,1,1
4954,0,0,0,0
4955,1,1,1,1
4956,1,1,1,1
4957,1,1,1,1
4958,1,1,1,1
4959,0,0,0,0
4962,0,0,0,0
4964,0,0,0,0
4965,0,1,1,0
4966,0,1,0,1
4968,0,0,0,0
4969,0,1,1,1
4970,1,1,1,1
4972,1,1,1,1
4973,1,0,0,0
4974,0,0,0,1
4975,1,1,1,1
4976,1,1,1,1
4977,0,0,0,0
4978,1,1,1,1
4979,1,1,1,1
4981,1,1,1,1
4982,0,0,0,0
4983,0,0,0,0
4984,1,1,1,1
4985,1,1,1,1
4986,0,0,0,0
4987,1,1,1,1
4988,1,1,1,1
4989,1,1,1,1
4990,1,1,1,1
4992,0,0,0,0
4994,0,0,0,0
4996,0,0,0,0
4997,1,1,1,1
4998,1,1,1,1
4999,0,0,0,0
5001,0,0,0,0
5004,1,1,0,1
5005,0,0,0,0
5006,1,1,1,1
5007,0,0,1,1
5009,0,0,0,0
5010,0,0,0,0
5012,1,1,1,1
5013,1,1,1,1
5014,1,1,1,1
5015,1,1,1,1
5016,0,1,0,0
5017,1,1,1,1
5018,0,1,0,0
5019,0,1,0,0
5020,1,0,0,0
5022,1,1,1,1
5024,1,1,1,1
5025,1,0,0,1
5026,0,0,0,0
5027,0,0,0,0
5028,1,1,1,1
5029,0,1,1,1
5032,0,0,0,0
5033,0,0,0,0
5034,0,0,0,0
5035,1,1,1,1
5036,1,1,1,1
5037,0,0,0,0
5039,0,0,0,1
5040,0,0,0,0
5041,0,0,0,0
5042,1,1,1,1
5043,1,0,0,1
5044,1,1,1,1
5045,0,0,0,0
5046,1,1,1,1
5048,1,0,1,1
5049,0,0,0,0
5050,0,0,0,0
5051,0,0,0,0
5053,0,0,0,0
5054,0,0,0,0
5055,0,0,0,0
5056,1,1,1,1
5057,0,0,0,0
5061,1,1,1,1
5063,1,1,1,0
5064,0,0,0,0
5065,0,0,0,0
5066,0,0,0,0
5068,1,1,0,1
5069,0,0,0,0
5070,0,0,0,0
5071,1,0,0,0
5073,1,1,1,1
5074,0,0,0,0
5075,0,0,0,0
5076,0,0,1,0
5077,1,1,1,1
5078,1,1,0,0
5082,0,0,0,0
5083,1,1,1,1
5085,0,0,0,0
5086,0,0,0,0
5088,1,1,1,1
5089,1,1,1,1
5090,0,0,0,0
5091,0,0,0,0
5092,1,1,1,1
5094,0,0,1,0
5095,1,1,1,1
5096,0,0,0,0
5099,1,1,1,1
5100,1,1,0,1
5101,0,0,0,0
5102,0,1,1,0
5103,1,1,1,1
5105,1,1,0,1
5106,1,1,1,1
5107,0,0,0,0
5108,1,1,1,1
5110,1,1,1,1
5111,1,1,1,0
5112,0,0,0,0
5113,1,0,1,0
5114,1,1,1,1
5115,1,1,1,1
5116,1,0,1,0
5117,0,1,1,0
5118,1,1,1,1
5119,0,0,0,0
5120,0,1,0,1
5121,0,0,0,0
5123,0,0,0,0
5124,0,1,1,0
5125,1,1,1,1
5126,0,0,0,0
5127,0,0,0,0
5128,1,1,1,1
5129,1,1,1,1
5132,1,1,1,1
5133,0,0,0,0
5135,1,1,0,1
5136,1,1,1,1
5137,0,0,0,0
5138,1,0,1,0
5139,1,1,1,1
5140,1,1,1,1
5141,0,0,0,0
5142,1,1,1,0
5144,0,0,0,0
5145,1,1,1,1
5146,1,1,1,1
5147,0,0,0,0
5148,0,0,0,0
5149,0,0,0,0
5150,0,0,0,0
5151,0,0,0,0
5152,0,0,0,0
5153,0,0,0,0
5154,1,0,1,1
5158,0,0,0,0
5159,0,0,0,1
5160,1,1,1,1
5161,0,1,1,0
5162,1,1,1,1
5163,1,1,1,1
5164,0,0,0,0
5165,1,1,1,1
5166,0,0,0,0
5167,0,0,0,0
5168,1,1,1,1
5170,0,1,0,1
5171,1,1,1,1
5172,0,0,0,0
5173,0,0,0,0
5174,0,0,0,1
5178,1,1,1,1
5180,0,0,0,0
5182,1,1,1,1
5184,1,1,1,1
5185,1,1,1,1
5186,0,0,0,0
5187,1,1,1,1
5188,0,0,0,0
5189,0,0,0,0
5190,1,1,0,1
5192,0,1,1,1
5193,0,0,0,0
5194,1,1,1,1
5195,1,0,0,0
5196,0,0,0,0
5197,1,1,1,1
5198,0,0,0,0
5199,0,0,0,0
5201,0,0,0,1
5202,1,1,1,1
5203,1,1,1,1
5205,1,1,1,1
5206,0,1,0,0
5207,1,1,1,1
5208,0,0,0,0
5210,0,0,0,0
5211,0,0,0,0
5212,0,0,0,0
5213,0,0,0,0
5214,0,0,0,0
5216,1,1,1,1
5218,0,0,0,0
5219,0,0,0,0
5220,0,0,0,0
5221,0,0,0,0
5222,0,0,0,0
5223,0,0,0,0
5224,0,0,1,0
5226,0,0,0,0
5228,1,1,1,1
5229,1,1,1,0
5230,0,0,0,0
5231,1,1,1,1
5232,0,0,0,0
5233,0,0,0,0
5234,1,1,1,1
5235,0,0,0,0
5236,1,1,0,1
5237,0,0,0,0
5238,0,0,0,0
5239,0,1,0,0
5240,1,1,1,1
5241,0,1,0,1
5242,1,1,1,1
5243,1,1,1,1
5244,1,0,0,0
5245,0,0,0,0
5247,0,0,0,0
5248,1,1,1,0
5249,1,1,1,1
5250,1,1,1,0
5251,1,1,1,1
5252,0,0,0,0
5253,0,0,0,0
5257,1,1,1,1
5258,1,1,1,1
5259,0,0,0,0
5260,0,0,0,0
5261,0,0,0,0
5264,1,1,1,1
5265,1,1,1,0
5267,0,0,0,0
5268,0,0,0,0
5271,0,0,0,0
5272,1,1,1,1
5273,0,0,0,0
5274,1,1,1,1
5275,1,1,1,1
5277,0,0,0,0
5278,1,1,1,0
5279,0,0,0,0
5280,0,1,0,1
5281,0,1,0,0
5282,1,1,1,1
5283,1,1,1,1
5284,0,0,0,1
5285,1,1,1,1
5286,0,0,0,0
5287,0,0,0,0
5288,0,0,0,0
5289,0,0,0,0
5290,0,1,0,1
5291,1,0,1,1
5292,1,1,1,1
5293,1,1,1,1
5294,1,1,1,1
5295,0,0,0,0
5296,1,1,1,1
5297,0,0,1,1
5298,0,0,0,0
5299,0,0,0,0
5300,1,1,0,1
5302,0,0,0,0
5303,1,1,1,1
5304,0,0,0,0
5305,1,1,1,1
5307,1,1,1,0
5308,1,1,1,1
5309,0,0,0,0
5310,1,0,0,1
5311,1,1,0,1
5314,0,0,0,0
5315,1,1,1,1
5316,0,0,0,0
5317,0,0,0,0
5318,1,1,1,1
5319,0,0,0,0
5320,0,0,0,0
5321,1,1,1,0
5323,1,0,0,1
5324,0,0,0,0
5325,0,0,0,0
5326,0,0,0,0
5327,0,0,0,0
5328,1,1,1,1
5329,0,0,0,0
5330,0,0,0,1
5334,1,1,1,1
5336,1,1,1,1
5337,0,0,0,0
5338,1,1,1,1
5340,0,0,0,0
5341,0,0,0,0
5344,1,1,1,1
5345,1,1,1,1
5346,0,0,0,0
5348,0,0,0,0
5350,0,0,0,0
5351,0,0,0,0
5354,1,1,1,1
5356,0,0,0,0
5357,0,0,0,0
5358,0,0,0,0
5359,1,1,1,1
5361,1,1,1,1
5362,0,0,0,0
5363,0,0,0,0
5364,0,1,0,0
5365,0,0,0,0
5366,1,0,1,1
5367,0,0,0,0
5370,0,0,0,0
5371,1,1,0,0
5373,1,0,0,1
5374,0,0,0,0
5376,0,0,0,0
5377,0,0,0,0
5378,1,1,1,1
5379,0,0,1,0
5381,1,1,1,0
5382,0,0,0,0
5383,1,1,1,1
5384,0,0,0,0
5385,0,0,0,0
5387,0,1,1,0
5388,1,1,1,1
5390,1,1,1,1
5393,0,0,0,1
5394,1,1,1,1
5395,0,0,0,0
5396,0,0,0,0
5397,1,1,1,1
5398,0,0,0,0
5399,1,1,1,1
5400,1,1,1,1
5401,1,1,1,1
5402,1,1,1,1
5403,0,0,0,0
5404,0,0,0,0
5406,0,0,0,0
5407,1,1,1,0
5408,0,0,0,0
5409,1,0,1,1
5410,0,0,0,0
5411,0,0,0,0
5413,0,0,0,0
5414,0,0,0,0
5415,1,1,1,1
5416,0,0,0,0
5417,1,1,1,1
5418,1,1,0,0
5419,0,0,0,0
5420,0,0,0,1
5421,0,0,0,0
5423,0,0,0,0
5425,1,1,1,1
5426,1,1,1,1
5428,0,0,0,0
5429,1,1,1,1
5431,0,0,0,0
5432,0,0,0,0
5433,1,1,1,1
5435,1,1,0,1
5436,0,0,0,0
5437,0,0,0,0
5440,0,0,0,1
5441,1,1,1,1
5443,0,0,0,0
5444,0,0,0,0
5445,0,0,0,0
5446,0,1,1,1
5448,1,1,0,1
5449,0,0,0,0
5450,0,1,1,1
5451,0,1,0,0
5452,1,1,1,1
5453,0,0,0,0
5455,1,1,1,1
5456,0,0,0,0
5457,1,1,1,1
5458,0,0,0,0
5459,0,0,0,0
5460,0,0,0,0
5461,1,1,1,1
5462,0,0,0,0
5463,1,1,1,1
5464,1,1,1,1
5465,0,0,0,0
5466,0,0,0,0
5467,0,0,1,1
5468,0,0,0,0
5469,1,0,0,1
5470,0,0,0,0
5471,0,0,0,0
5472,0,0,1,0
5474,1,1,0,0
5476,0,0,1,0
5477,0,0,0,0
5478,1,1,1,1
5480,0,0,0,0
5482,1,1,1,1
5483,0,1,1,1
5484,0,0,0,0
5485,1,0,0,0
5486,0,0,0,0
5487,0,0,0,0
5489,1,1,1,1
5490,1,0,0,0
5491,0,0,0,1
5492,0,0,0,0
5493,1,1,1,1
5494,1,1,1,1
5495,1,1,1,1
5496,0,0,0,0
5497,1,1,1,1
5498,1,1,0,1
5499,0,0,0,0
5500,1,1,1,1
5501,1,1,1,1
5502,1,1,1,1
5503,1,1,1,1
5504,0,0,0,0
5505,1,1,1,1
5506,1,1,1,0
5507,0,0,0,0
5508,0,0,0,0
5509,1,0,0,0
5510,1,0,0,0
5511,1,1,1,1
5512,0,0,0,0
5513,1,1,1,1
5516,0,0,0,0
5517,1,1,0,0
5519,0,0,0,0
5520,0,0,0,0
5521,0,0,0,0
5522,0,0,0,0
5523,0,0,0,0
5524,0,0,0,0
5525,1,1,1,1
5526,0,0,0,0
5527,0,0,0,0
5528,0,0,0,0
5529,0,0,0,0
5530,0,0,0,0
5531,0,0,0,0
5535,0,1,1,0
5536,0,0,0,0
5537,0,0,0,0
5538,1,1,1,0
5539,1,1,1,1
5540,0,0,1,0
5541,0,0,0,0
5543,0,0,0,0
5544,1,1,1,1
5545,1,0,1,1
5546,0,0,0,0
5548,1,1,1,1
5549,1,1,1,1
5551,0,0,0,0
5552,0,0,0,0
5553,0,1,1,1
5554,0,0,0,0
5555,0,0,0,0
5556,0,1,1,0
5557,0,0,0,0
5561,0,0,0,0
5562,0,0,0,0
5563,0,0,0,0
5564,0,0,0,0
5565,0,0,0,0
5566,1,1,1,1
5567,0,1,0,0
5568,0,0,0,0
5569,0,0,0,0
5570,0,0,0,0
5572,0,0,0,0
5575,0,0,0,0
5578,0,0,0,0
5579,0,0,0,0
5580,1,1,1,1
5582,0,0,0,0
5583,1,1,0,1
5584,0,0,0,0
5586,1,1,1,1
5587,1,0,1,1
5588,0,0,0,0
5590,0,0,0,0
5591,0,1,0,0
5593,0,0,0,0
5594,1,1,1,1
5595,1,1,1,1
5596,1,1,1,1
5597,0,0,0,0
5598,0,0,0,0
5600,0,0,0,0
5601,1,1,1,1
5602,1,1,1,1
5603,1,1,1,1
5604,1,1,1,1
5605,1,1,1,1
5606,1,1,1,1
5609,0,1,0,0
5610,1,1,1,1
5611,0,0,0,0
5612,1,1,1,0
5613,0,1,0,0
5614,0,0,1,0
5615,0,0,0,0
5616,0,0,1,1
5618,0,0,0,0
5619,0,0,0,0
5620,0,0,0,0
5621,1,1,1,1
5623,0,0,0,0
5624,1,1,1,1
5627,1,1,1,1
5628,1,1,1,1
5629,0,0,0,0
5630,0,0,0,0
5631,1,1,1,1
5632,1,1,1,1
5633,0,0,0,0
5634,0,0,0,1
5635,0,0,0,0
5637,0,0,0,0
5638,0,0,0,0
5639,0,0,0,0
5640,0,0,0,0
5641,1,1,1,1
5642,0,0,1,0
5644,0,0,0,0
5646,1,1,1,1
5647,1,1,1,1
5650,1,1,1,1
5651,0,0,1,0
5652,0,0,0,0
5653,0,0,0,0
5654,1,1,1,1
5655,0,0,0,0
5656,0,0,0,0
5657,1,1,1,1
5658,0,0,0,0
5659,1,1,1,1
5660,0,0,0,0
5663,1,1,1,1
5664,1,1,1,1
5665,0,0,1,1
5666,0,0,0,0
5667,0,0,0,0
5668,0,0,0,0
5669,0,0,0,0
5670,1,1,1,1
5671,1,1,1,1
5672,1,1,1,1
5673,0,0,0,0
5675,1,1,0,1
5676,1,1,1,1
5677,1,1,1,1
5678,0,0,0,0
5680,0,0,0,0
5681,1,1,0,1
5682,0,0,0,0
5683,0,0,0,0
5684,0,0,0,1
5685,0,0,0,0
5686,0,0,1,0
5688,1,1,1,1
5691,0,0,0,0
5692,0,0,0,0
5693,0,0,0,0
5694,0,0,0,0
5695,0,0,0,0
5696,1,1,1,1
5697,1,0,0,0
5698,0,0,0,1
5700,0,0,0,0
5701,0,0,0,0
5702,0,0,0,0
5703,1,1,1,0
5704,1,1,0,1
5705,0,0,0,0
5706,1,1,1,1
5708,0,0,0,0
5709,1,1,1,1
5710,0,0,0,0
5711,1,1,1,1
5714,0,0,0,0
5715,0,0,0,0
5716,0,1,0,1
5718,0,0,0,0
5719,1,0,0,1
5720,1,1,1,1
5721,0,0,0,0
5722,0,0,0,0
5723,0,0,0,0
5724,1,1,0,1
5726,1,1,1,1
5727,0,0,0,0
5728,1,1,1,1
5729,1,1,1,1
5730,0,0,0,0
5733,0,0,0,0
5734,0,0,0,0
5735,0,0,0,0
5736,1,1,1,1
5737,1,1,1,1
5738,0,0,0,0
5739,0,0,0,0
5740,0,0,0,0
5741,0,1,0,1
5742,1,1,1,1
5744,1,0,1,1
5746,0,0,0,0
5749,1,1,1,1
5752,1,1,1,1
5753,1,1,1,1
5754,0,0,0,0
5755,1,1,1,1
5756,0,0,0,0
5757,0,0,0,0
5758,0,1,1,1
5759,1,1,1,1
5760,0,0,0,0
5761,1,1,1,1
5762,0,0,0,0
5763,0,0,0,0
5764,0,0,0,0
5765,0,1,0,1
5766,0,0,0,0
5767,1,1,1,1
5769,0,0,0,1
5770,0,0,0,0
5771,1,1,0,1
5772,1,1,1,1
5774,1,1,1,1
5775,0,0,0,0
5776,1,0,0,0
5777,0,0,0,0
5778,1,0,1,1
5780,0,0,0,0
5782,1,1,1,1
5783,1,1,1,1
5784,1,1,1,1
5785,0,0,0,0
5786,0,0,0,0
5787,0,0,0,0
5788,1,1,1,1
5789,1,1,1,1
5792,1,1,1,1
5793,1,0,0,0
5794,1,1,1,1
5795,1,1,1,1
5796,0,0,0,0
5797,0,0,0,0
5799,0,0,0,0
5800,0,1,1,0
5801,0,0,0,0
5802,1,1,1,1
5804,1,1,1,1
5805,1,1,1,1
5809,0,0,0,0
5811,0,0,0,0
5812,1,0,1,1
5813,0,1,0,0
5814,0,0,0,0
5815,0,0,0,0
5816,0,0,0,0
5817,0,0,0,0
5818,0,0,0,0
5819,0,0,0,0
5820,0,0,0,0
5821,1,1,1,1
5822,1,1,1,1
5823,0,0,0,0
5825,0,1,0,1
5826,0,0,0,0
5827,0,0,0,0
5828,0,0,0,0
5829,1,1,1,1
5830,1,1,1,1
5831,0,0,0,0
5832,0,0,0,0
5833,1,1,1,1
5835,0,0,1,1
5836,0,0,0,0
5837,0,0,0,1
5838,0,1,0,0
5839,0,0,0,0
5840,0,0,0,0
5841,0,0,0,0
5842,1,1,1,1
5845,0,0,0,0
5846,1,1,1,1
5848,0,0,0,0
5849,1,1,1,1
5850,0,0,0,0
5851,0,1,0,0
5853,1,1,1,1
5854,0,1,1,0
5855,1,1,1,1
5856,0,0,0,0
5857,0,0,0,0
5858,1,1,1,1
5859,0,0,0,0
5860,1,1,1,1
5862,0,1,0,0
5863,0,0,0,0
5864,0,0,1,0
5865,0,0,0,0
5867,0,0,0,0
5869,0,0,0,0
5870,0,1,0,1
5871,0,0,1,0
5872,1,1,1,1
5873,1,1,1,1
5874,0,0,0,0
5875,1,1,0,1
5876,0,0,0,0
5878,0,0,0,0
5879,0,0,0,0
5881,0,0,0,0
5882,1,1,1,1
5885,0,0,0,0
5886,0,1,0,1
5887,0,0,0,0
5888,1,1,1,1
5889,1,1,1,1
5890,0,0,0,0
5891,0,0,0,0
5892,0,0,0,0
5893,0,0,0,0
5894,1,1,1,1
5895,1,1,0,1
5896,1,1,1,0
5897,1,1,1,1
5898,0,0,0,0
5899,1,1,1,0
5900,0,0,0,1
5901,0,0,0,0
5902,0,0,0,0
5904,1,0,1,1
5905,1,1,1,1
5906,0,0,0,0
5907,0,0,0,0
5908,0,0,0,0
5909,0,0,0,0
5910,0,0,0,0
5913,1,1,0,0
5914,0,0,0,0
5915,1,1,1,0
5916,1,1,1,1
5918,0,0,0,0
5919,0,0,0,0
5920,0,1,1,1
5921,1,1,1,1
5922,1,1,1,1
5923,0,0,0,0
5925,1,1,1,1
5926,0,0,0,0
5927,0,0,0,0
5928,1,0,0,1
5929,1,1,1,1
5930,0,0,0,0
5931,1,1,1,1
5932,1,1,1,1
5935,0,0,0,0
5936,0,0,0,0
5937,0,0,0,0
5938,0,0,0,0
5939,0,0,0,0
5940,1,1,1,1
5942,1,1,1,1
5943,0,0,0,0
5944,0,0,0,0
5945,1,1,1,1
5946,1,1,1,1
5947,0,0,0,0
5949,1,1,1,1
5950,0,0,0,0
5951,0,0,0,0
5952,0,0,0,0
5953,1,1,1,1
5954,0,0,0,0
5956,1,1,1,1
5957,0,1,0,0
5959,1,1,0,0
5961,0,0,1,1
5962,1,1,0,1
5964,0,1,0,0
5966,1,1,0,1
5967,0,0,0,0
5968,1,1,1,1
5969,0,1,0,1
5971,0,0,0,0
5973,0,0,0,0
5975,1,1,1,1
5977,1,1,1,1
5978,0,0,0,0
5979,0,0,0,0
5981,0,0,0,0
5982,0,0,0,0
5984,0,0,1,0
5985,0,0,0,0
5987,1,1,1,1
5988,1,1,1,1
5989,1,1,1,1
5991,0,0,0,0
5992,1,0,0,0
5993,1,1,1,1
5994,1,1,1,0
5995,0,0,0,0
5996,1,1,1,1
5997,1,1,1,1
5998,0,1,0,0
5999,1,1,1,1
6001,1,1,1,1
6002,0,0,1,0
6003,0,0,1,0
6004,0,0,0,0
6005,0,0,0,0
6007,1,1,1,1
6008,1,0,1,0
6009,0,1,0,0
6010,1,1,1,1
6011,1,1,1,1
6012,1,1,1,1
6013,0,0,0,0
6014,1,1,1,1
6015,1,1,1,1
6017,0,0,1,0
6019,0,0,0,1
6021,1,1,1,1
6022,0,0,0,0
6025,1,0,1,0
6027,0,0,0,0
6029,0,0,0,0
6030,0,0,0,0
6031,1,1,1,1
6032,1,1,1,1
6034,1,1,1,1
6036,0,0,0,0
6037,0,0,0,1
6038,0,0,0,0
6039,0,0,0,0
6040,1,1,1,1
6042,0,0,0,0
6043,0,0,0,0
6044,0,0,0,0
6045,0,0,0,0
6046,0,0,0,0
6047,1,1,1,1
6048,0,0,0,0
6049,0,0,0,0
6050,1,1,1,1
6051,0,0,0,0
6052,1,1,1,1
6053,0,1,0,0
6055,0,0,0,0
6056,0,0,0,0
6058,0,0,0,0
6061,0,0,0,0
6062,0,0,0,0
6063,0,0,0,0
6065,1,1,1,1
6066,0,0,0,0
6068,0,0,0,0
6069,0,0,0,0
6070,0,0,0,0
6072,0,0,0,0
6073,0,0,0,0
6076,1,1,1,1
6078,1,1,0,1
6079,0,0,0,0
6080,1,1,1,1
6081,1,1,1,1
6082,1,0,0,1
6083,1,1,1,1
6084,1,1,1,1
6085,0,0,0,0
6086,0,0,0,0
6088,0,0,0,0
6089,1,1,1,1
6090,1,0,0,1
6091,1,1,1,1
6092,1,1,1,1
6093,1,1,1,1
6095,0,1,0,0
6096,0,0,0,0
6097,1,0,0,1
6098,0,0,0,0
6099,0,0,0,0
6100,0,0,0,0
6101,0,0,0,0
6102,1,1,1,1
6103,1,1,1,1
6105,0,0,0,0
6107,1,1,1,1
6108,0,1,0,0
6109,1,1,1,1
6110,1,1,0,1
6111,0,0,0,0
6112,1,1,1,1
6114,0,0,0,0
6117,0,0,0,0
6118,1,1,1,1
6119,0,0,0,0
6121,0,0,0,0
6122,1,1,0,0
6123,0,0,0,1
6124,1,1,0,1
6125,0,0,0,0
6126,0,0,0,0
6128,1,1,1,1
6129,1,1,0,1
6130,1,1,1,1
6131,1,1,1,1
6132,0,0,0,0
6133,0,0,1,1
6134,1,0,0,0
6135,0,0,0,0
6136,0,0,0,0
6137,1,1,1,1
6138,0,0,0,0
6139,1,1,1,1
6140,1,1,1,1
6141,0,1,1,1
6142,1,1,1,1
6144,1,1,1,1
6145,1,1,1,1
6146,0,0,0,0
6147,0,0,0,0
6148,0,0,0,0
6149,1,1,1,1
6151,0,0,0,1
6152,0,0,0,0
6153,1,1,1,1
6154,0,0,0,0
6156,0,0,0,0
6157,0,0,0,0
6158,1,0,1,1
6159,1,0,1,1
6160,0,1,1,0
6161,1,1,1,1
6162,0,0,0,0
6164,1,1,1,1
6165,0,0,0,0
6166,1,1,1,1
6168,0,0,0,1
6170,0,0,0,0
6171,0,0,0,0
6172,1,1,1,1
6175,1,1,1,1
6176,1,0,0,1
6177,0,0,0,0
6178,0,0,0,0
6179,1,1,1,1
6180,0,0,0,0
6181,0,0,0,0
6182,0,0,0,0
6183,1,0,1,0
6184,1,1,0,1
6186,1,1,1,1
6187,1,0,0,0
6189,0,0,0,0
6190,1,1,1,1
6193,0,0,0,0
6194,1,1,1,1
6196,0,0,0,0
6197,0,0,0,0
6198,1,1,0,1
6199,0,1,0,0
6200,1,1,1,1
6202,1,1,1,1
6203,1,1,1,1
6204,1,1,1,1
6205,0,0,0,0
6206,1,1,1,1
6207,1,1,1,1
6209,1,1,1,1
6210,0,0,0,0
6211,0,0,0,0
6212,0,0,0,0
6214,1,1,1,1
6216,0,0,0,0
6217,0,1,1,1
6218,0,0,0,0
6219,0,0,0,0
6220,1,0,1,0
6221,0,0,0,0
6223,1,1,1,1
6224,0,0,0,0
6225,0,0,1,1
6226,1,0,0,0
6227,0,0,0,0
6229,0,0,0,0
6230,0,0,1,0
6232,0,0,1,1
6234,1,0,1,1
6236,0,0,0,0
6237,0,0,0,0
6238,1,1,1,1
6239,1,1,1,1
6240,0,0,0,0
6241,1,1,1,1
6242,1,1,1,0
6243,0,0,0,0
6245,0,1,0,1
6246,0,0,0,0
6247,1,1,1,1
6248,1,0,1,1
6249,1,0,0,1
6250,0,0,0,0
6252,0,0,0,0
6253,0,0,0,0
6254,1,1,1,1
6255,0,1,1,1
6256,1,1,1,1
6257,1,1,1,1
6258,1,1,1,1
6260,1,1,0,1
6261,0,0,0,0
6264,0,0,0,0
6265,0,0,0,0
6266,0,1,0,0
6267,0,0,0,0
6269,0,0,1,0
6270,0,0,0,0
6271,1,1,0,0
6273,1,1,1,1
6274,0,0,0,0
6275,0,0,0,0
6276,0,1,0,0
6277,0,0,0,0
6279,0,0,0,0
6280,0,0,0,0
6281,1,1,1,1
6282,1,1,1,1
6283,1,1,1,1
6284,1,1,1,1
6286,1,1,1,1
6288,1,1,1,1
6289,0,0,0,0
6290,1,0,1,1
6292,0,0,1,0
6293,0,0,0,0
6294,1,0,1,1
6295,1,1,1,1
6296,0,1,1,1
6297,1,0,1,1
6298,1,1,1,1
6299,0,0,0,0
6301,0,0,0,0
6303,1,0,0,0
6304,0,0,0,0
6306,0,0,0,1
6307,0,0,0,0
6308,1,1,1,1
6309,0,0,1,1
6310,1,1,1,1
6311,1,1,1,1
6312,0,0,0,0
6313,0,0,0,0
6314,0,0,0,0
6315,0,1,0,1
6317,1,0,0,1
6318,0,0,0,0
6319,1,0,0,1
6320,0,0,0,0
6321,1,1,1,1
6322,0,0,0,0
6323,0,0,0,1
6324,1,0,0,0
6325,1,1,1,1
6326,0,0,0,0
6327,0,0,0,0
6328,0,1,1,1
6329,0,0,1,0
6330,0,0,0,0
6331,0,0,0,0
6332,0,0,0,0
6333,1,1,1,1
6334,0,0,0,0
6335,1,1,1,1
6336,0,0,1,0
6338,0,1,1,0
6339,0,0,0,0
6340,1,1,1,1
6341,0,0,0,0
6342,0,0,0,0
6343,0,0,0,0
6345,0,0,0,0
6347,0,0,0,0
6349,0,1,0,0
6350,1,1,1,1
6351,0,0,0,0
6352,1,1,1,1
6353,1,1,1,1
6354,0,0,0,0
6355,1,1,1,1
6357,0,0,0,0
6358,0,0,0,0
6359,1,1,1,1
6361,0,0,0,0
6362,0,0,0,0
6363,0,0,0,0
6364,1,1,1,1
6365,1,1,1,1
6366,0,0,0,0
6367,1,0,0,1
6368,0,0,0,0
6370,0,0,0,0
6371,0,0,0,0
6372,0,0,0,0
6373,0,0,1,0
6374,1,1,1,1
6376,0,1,0,0
6377,0,0,0,0
6378,1,0,0,0
6379,0,0,0,0
6380,0,0,0,0
6381,0,0,0,0
6382,0,0,0,0
6384,0,0,0,0
6385,0,0,0,0
6386,0,0,0,0
6387,0,0,0,0
6388,1,0,0,0
6390,0,1,1,1
6391,0,0,0,0
6392,0,0,0,0
6394,0,1,1,1
6395,0,0,0,0
6397,1,0,0,0
6398,0,0,0,0
6399,0,0,0,0
6400,0,0,0,0
6401,0,0,0,0
6402,0,0,0,0
6403,0,0,0,0
6405,1,1,1,1
6406,0,0,0,0
6407,1,1,1,0
6409,0,0,0,0
6411,0,0,0,0
6412,0,0,1,0
6413,0,0,0,0
6414,0,0,0,0
6415,0,0,0,0
6417,1,1,1,1
6418,0,0,0,0
6419,0,0,1,0
6420,1,1,1,1
6421,1,1,1,1
6422,0,0,0,0
6423,0,0,0,0
6424,0,0,0,0
6426,1,0,0,0
6427,0,0,0,0
6429,1,1,1,1
6430,1,1,1,0
6432,0,0,0,0
6433,0,0,0,0
6434,0,0,0,1
6435,0,0,0,0
6437,0,0,0,0
6438,0,0,0,0
6440,0,0,0,0
6441,0,0,0,0
6443,1,1,1,1
6444,1,1,1,1
6445,0,0,0,0
6446,0,0,0,0
6448,0,0,0,0
6450,0,1,1,0
6451,1,1,1,1
6452,0,0,0,1
6453,0,0,0,0
6454,1,1,1,0
6455,0,0,0,0
6456,1,1,1,0
6458,0,0,0,0
6459,0,0,0,0
6460,0,1,1,1
6461,0,0,1,1
6462,1,1,1,1
6463,0,0,0,0
6464,0,0,0,0
6465,1,1,1,1
6466,1,1,1,1
6467,1,1,1,0
6469,0,1,0,0
6471,0,0,0,0
6472,0,0,0,0
6473,0,0,0,1
6475,0,0,0,0
6476,0,0,0,0
6477,0,0,0,0
6478,0,0,0,0
6479,0,0,0,0
6481,1,1,1,1
6483,0,0,1,0
6484,0,0,0,0
6485,1,1,0,1
6486,0,1,1,0
6488,0,0,0,0
6491,1,1,1,1
6492,1,0,1,1
6493,0,0,0,0
6494,1,1,1,1
6495,1,1,1,1
6496,0,1,0,0
6497,0,0,0,0
6498,1,1,1,1
6499,1,0,0,0
6500,1,1,1,0
6501,0,0,0,0
6502,0,0,1,0
6503,0,0,0,0
6504,0,1,0,0
6505,0,0,1,0
6506,1,0,0,0
6507,1,1,1,1
6508,0,0,0,0
6509,1,1,1,1
6510,0,0,0,0
6511,1,1,1,1
6512,0,0,0,0
6513,1,1,1,1
6514,1,0,1,0
6515,1,1,1,1
6516,0,0,0,0
6517,0,0,0,1
6518,0,0,0,0
6519,1,0,0,1
6520,1,1,1,1
6522,1,1,1,1
6523,0,1,0,0
6524,0,0,0,0
6525,0,0,0,0
6526,1,1,1,0
6527,0,0,1,0
6528,0,0,0,0
6530,0,0,0,0
6531,0,0,0,0
6532,1,0,0,1
6533,0,1,1,1
6535,0,0,0,0
6536,0,0,0,0
6537,0,0,0,0
6538,1,1,1,1
6539,0,0,0,0
6541,0,0,0,1
6542,0,0,0,0
6543,1,1,1,1
6544,1,1,1,1
6545,0,0,0,0
6546,1,1,1,1
6547,1,0,0,0
6548,1,0,1,1
6549,0,0,0,0
6551,1,1,1,1
6552,1,0,1,0
6555,0,0,0,1
6556,0,0,0,0
6557,0,0,0,0
6558,0,0,1,0
6560,0,0,0,0
6561,0,0,0,0
6562,0,0,0,0
6563,0,0,0,0
6564,0,0,0,0
6566,0,1,0,0
6567,0,0,0,0
6568,0,1,1,1
6569,0,0,0,0
6570,1,1,1,1
6571,1,1,1,1
6572,1,1,1,1
6573,1,1,0,1
6574,0,0,0,0
6575,0,0,0,0
6579,1,1,1,0
6580,0,0,0,0
6581,0,0,0,0
6584,0,0,0,1
6587,0,0,0,0
6588,0,0,0,0
6590,1,1,1,1
6591,0,0,0,0
6592,0,0,0,0
6593,0,0,0,0
6594,1,1,1,1
6596,0,0,0,0
6597,0,0,0,0
6598,1,0,0,0
6599,1,0,1,1
6600,0,0,0,0
6601,0,0,0,0
6603,0,0,0,1
6604,1,1,1,1
6605,0,0,0,0
6607,0,0,1,1
6608,0,0,0,0
6610,0,0,0,0
6611,0,0,0,0
6612,0,0,0,0
6613,1,1,0,0
6614,0,0,1,1
6615,0,0,0,0
6616,0,0,0,0
6617,1,1,1,1
6619,0,0,0,1
6620,1,0,0,0
6621,0,0,1,0
6622,1,1,1,1
6624,0,0,0,0
6625,0,0,0,0
6626,0,0,0,0
6627,1,1,1,1
6628,1,1,1,1
6629,0,0,0,0
6630,0,0,0,0
6632,1,1,1,1
6635,0,0,0,0
6636,0,0,1,1
6637,0,0,0,0
6638,1,0,0,0
6641,1,0,1,1
6642,0,0,0,0
6643,1,1,1,1
6644,1,1,1,1
6646,0,0,0,0
6647,1,1,1,1
6649,1,1,1,1
6650,0,1,0,1
6651,0,0,0,0
6653,0,0,0,0
6654,0,0,0,0
6656,1,1,1,1
6657,1,1,0,1
6658,0,0,0,0
6659,0,0,0,0
6660,1,1,1,1
6661,0,0,0,0
6663,1,0,0,0
6664,1,0,0,0
6665,1,0,0,1
6668,1,1,1,1
6669,1,0,1,1
6670,1,1,1,1
6672,0,0,1,1
6673,1,1,1,1
6674,0,0,0,0
6675,0,0,0,0
6676,0,1,0,0
6678,0,0,0,0
6679,0,0,0,0
6681,0,0,0,0
6683,1,0,1,0
6684,0,1,0,0
6685,0,0,0,0
6688,1,0,0,1
6689,1,1,1,1
6690,0,0,0,0
6691,0,0,0,0
6693,0,0,0,0
6694,0,0,0,0
6696,0,0,0,0
6697,0,1,1,1
6698,0,0,0,0
6699,0,0,0,0
6702,0,0,0,0
6703,1,1,1,1
6704,1,1,1,1
6706,0,0,0,0
6707,1,1,1,1
6708,0,0,0,0
6710,0,0,0,0
6711,1,1,1,1
6712,1,1,1,1
6713,0,0,0,0
6714,0,0,0,0
6715,0,0,0,0
6716,1,1,1,1
6717,0,0,0,1
6718,1,0,1,1
6719,0,0,0,0
6720,0,0,0,0
6721,0,0,0,0
6722,0,0,0,0
6725,0,0,0,0
6726,0,0,0,0
6727,1,1,1,1
6729,0,1,1,1
6730,1,1,1,1
6731,1,0,1,0
6733,0,0,0,0
6734,1,1,1,1
6735,0,0,0,0
6736,0,1,1,0
6737,0,0,0,0
6738,0,0,0,0
6739,1,0,0,1
6740,0,0,0,0
6741,1,1,1,1
6742,0,0,0,0
6743,0,1,1,0
6744,0,0,0,0
6745,1,1,1,1
6746,0,0,0,0
6747,0,0,0,0
6748,0,0,0,0
6749,1,0,0,1
6750,0,1,1,1
6751,0,0,0,1
6752,0,0,0,0
6753,0,1,1,1
6754,0,0,0,0
6755,1,0,0,1
6756,0,1,1,0
6758,1,1,1,1
6759,1,1,1,1
6761,1,0,1,1
6762,0,0,0,0
6763,1,1,1,1
6764,0,1,0,1
6765,1,0,0,0
6766,1,1,1,1
6767,0,0,0,0
6768,1,0,1,0
6769,0,0,0,0
6770,1,1,1,1
6771,0,1,1,0
6772,1,1,1,1
6773,0,0,0,0
6774,0,1,0,0
6775,0,0,0,0
6776,0,0,0,0
6777,1,0,0,0
6779,1,1,0,1
6780,0,0,0,0
6782,0,0,0,0
6783,1,1,1,1
6784,0,1,0,0
6786,0,0,0,0
6787,0,0,0,0
6788,1,0,1,1
6789,0,0,0,0
6792,0,0,0,0
6793,0,1,1,1
6794,0,1,0,0
6797,0,0,1,1
6798,1,1,1,1
6800,0,0,0,0
6801,1,1,1,1
6802,0,0,0,0
6803,0,0,0,0
6804,0,0,0,0
6805,0,0,0,0
6806,1,1,1,1
6808,1,0,1,1
6809,0,0,1,0
6810,0,0,0,0
6812,0,0,0,1
6815,0,1,1,1
6818,0,0,0,0
6819,0,0,0,0
6820,0,0,0,0
6821,1,1,1,1
6822,0,0,0,0
6823,0,0,1,0
6824,0,0,0,0
6826,0,0,0,0
6827,1,1,1,1
6828,0,0,0,0
6829,1,1,1,1
6831,0,0,0,1
6832,1,0,1,1
6833,0,0,0,0
6834,1,1,1,1
6835,0,0,0,0
6836,0,0,0,0
6838,0,0,0,0
6839,0,0,0,0
6840,0,0,0,0
6841,0,0,0,0
6842,0,0,0,0
6846,0,0,0,0
6847,1,1,1,1
6849,0,0,0,0
6850,1,1,1,1
6851,0,0,0,0
6853,0,0,0,0
6854,1,1,1,0
6855,0,0,0,0
6856,1,1,1,1
6857,0,0,0,0
6858,0,0,0,0
6861,0,0,0,0
6862,0,0,0,0
6863,0,0,0,0
6866,0,0,0,0
6868,1,1,1,1
6869,1,1,1,1
6872,0,0,0,0
6873,0,0,0,0
6874,0,0,0,0
6875,0,0,0,0
6877,1,1,1,1
6878,0,0,0,0
6880,1,1,1,0
6881,1,1,1,0
6882,0,0,0,0
6883,0,1,0,1
6884,0,0,0,0
6885,0,1,0,0
6886,1,1,0,1
6888,0,0,1,0
6889,0,0,0,0
6890,0,0,0,0
6891,0,0,0,0
6893,0,0,0,0
6894,0,0,0,0
6896,0,0,0,0
6897,1,1,0,0
6899,0,0,0,0
6900,0,0,0,0
6901,0,1,0,0
6902,1,1,1,1
6903,1,0,1,1
6905,0,0,0,0
6906,1,1,1,1
6907,0,0,0,0
6908,1,0,0,0
6909,1,1,1,0
6910,0,0,0,0
6911,0,0,0,0
6912,0,0,0,0
6913,1,1,1,0
6915,0,1,1,0
6916,1,1,1,1
6917,0,0,0,0
6918,0,0,0,0
6920,0,0,1,1
6923,1,1,1,1
6924,0,0,0,0
6925,0,0,0,0
6926,0,0,0,0
6927,1,1,0,1
6929,0,0,0,0
6931,0,1,0,0
6932,0,0,0,0
6933,0,0,0,1
6934,0,0,0,0
6935,0,1,0,0
6936,0,0,0,0
6937,0,1,1,1
6938,0,1,0,1
6939,0,0,0,0
6940,1,1,1,1
6942,0,1,1,0
6943,0,0,0,0
6944,0,1,0,1
6945,0,0,0,0
6948,0,0,0,0
6949,0,0,0,0
6950,1,0,1,1
6951,1,0,1,1
6952,1,1,1,1
6953,1,1,1,1
6954,0,0,0,0
6955,0,1,0,0
6956,1,1,1,1
6957,0,0,0,0
6958,0,0,0,0
6959,1,1,1,1
6960,0,0,0,0
